year,offense_name,total_population,total_male,total_female,m_0_9,m_10_12,m_13_14,m_15,m_16,m_17,f_0_9,f_10_12,f_13_14,f_15,f_16,f_17,race_population,white,black,asian_pacific_islander,american_indian
2016,Arson,264534532,1760,328,117,368,548,291,239,197,12,54,114,66,39,43,263887632,1436,516,41,48
2016,Aggravated Assault,264534532,16997,5918,141,1406,3743,3062,3839,4806,19,465,1565,1171,1337,1361,263887632,12370,9736,296,364
2016,Simple Assault,264534532,66360,38712,1043,7406,16966,12403,14134,14408,259,3353,11210,8036,8264,7590,263887632,59778,41923,1130,1378
2016,Burglary,264534532,23307,3071,167,1474,5301,4789,5662,5914,34,170,727,618,689,833,263887632,14413,11082,368,362
2016,Curfew and Loitering Law Violations,264534532,19218,8319,110,1184,4160,4405,5126,4233,24,449,1991,1887,2267,1701,263887632,15468,11045,382,429
2016,Disorderly Conduct,264534532,34438,19449,431,3428,9021,6690,7553,7315,80,1682,5883,4114,4049,3641,263887632,28572,23619,416,892
2016,Drug Abuse Violations,264534532,61781,18503,76,1323,7443,9284,16479,27176,22,447,2977,3084,4709,7264,263887632,59418,17572,1176,1277
2016,Drunkenness,264534532,2746,1120,14,15,232,333,632,1520,1,20,185,196,292,426,263887632,3173,380,54,206
2016,Drive Under the Influence,264534532,3913,1345,10,8,49,171,923,2752,3,3,25,64,341,909,263887632,4608,352,91,132
2016,Embezzlement,264534532,343,207,,6,39,33,90,175,,,5,17,69,116,263887632,320,208,12,7
2016,Offenses Against the Family and Children,264534532,1749,1126,61,157,401,389,343,398,37,104,328,224,220,213,263887632,1696,678,18,445
2016,Forgery and Counterfeiting,264534532,735,252,1,5,76,90,179,384,,3,23,20,64,142,263887632,537,423,16,5
2016,Fraud,264534532,2611,1212,2,83,476,474,673,903,2,44,208,216,319,423,263887632,1897,1807,34,52
2016,Gambling,264534532,181,26,3,,17,27,57,77,,,4,6,8,8,263887632,52,152,3,
2016,Murder and Nonnegligent Homicide,264534532,639,66,9,5,45,88,186,306,,,11,6,18,31,263887632,246,425,13,9
2016,Liquor Laws,264534532,18045,12005,10,130,1441,2583,4999,8882,1,146,1435,1990,3322,5111,263887632,26035,2001,424,1069
2016,Larceny,264534532,66057,45464,385,4257,14591,13030,15957,17837,123,2170,8761,8724,11786,13900,263887632,66218,39999,2087,1852
2016,Manslaughter by Negligence,264534532,54,13,,4,7,9,13,21,,,,2,2,9,263887632,47,20,,
2016,Motor Vehicle Theft,264534532,10433,2370,16,242,1978,2282,3009,2906,,62,585,619,595,509,263887632,5929,6415,138,193
2016,All Other Offenses,264534532,91740,36166,728,4150,16891,17073,22942,29956,239,1689,7917,7274,8966,10081,263887632,83389,38718,2157,2025
2016,Prostitution and Commercialized Vice,264534532,112,297,,2,20,13,31,46,1,2,26,42,68,158,263887632,165,231,9,3
2016,Robbery,264534532,13989,1656,19,342,2260,2834,4019,4515,2,32,291,331,448,552,263887632,4546,10745,212,96
2016,Rape,264534532,2899,128,30,309,803,500,561,696,1,30,41,20,17,19,263887632,1918,983,45,25
2016,Runaway,264534532,19135,20941,209,1283,4905,4757,4851,3130,86,971,5806,5379,5418,3281,263887632,26329,10832,1810,799
2016,Sex Offenses,264534532,6041,850,96,785,2004,1136,964,1056,17,118,297,155,140,123,263887632,4891,1760,104,64
2016,Stolen Property,264534532,7573,1436,6,225,1320,1600,2092,2330,1,51,318,303,380,383,263887632,3505,5244,104,90
2016,Suspicion,264534532,82,20,1,4,18,12,21,26,,2,3,3,4,8,263887632,47,47,8,
2016,Vagrancy,264534532,482,163,,13,90,98,129,152,3,10,41,24,46,39,263887632,379,224,9,11
2016,Vandalism,264534532,26595,5484,498,2808,7365,4854,5507,5563,60,514,1572,1001,1134,1203,263887632,21967,8794,359,626
2016,Weapons,264534532,14084,1737,172,1170,2878,2488,3275,4101,30,221,415,302,373,396,263887632,8442,6869,235,160
2015,Arson,260792111,1828,347,100,423,565,304,255,181,9,70,110,74,44,40,259649328,1586,490,25,58
2015,Aggravated Assault,260792111,17266,5964,187,1453,3939,3219,3964,4504,36,490,1472,1146,1301,1519,259649328,12694,9749,306,350
2015,Simple Assault,260792111,68165,39519,1029,7557,17486,12659,14609,14825,187,3553,11533,8109,8473,7664,259649328,61377,42899,1251,1389
2015,Burglary,260792111,25355,3807,195,1553,5764,5236,6177,6430,42,249,897,779,859,981,259649328,15895,12417,353,361
2015,Curfew and Loitering Law Violations,260792111,25738,10131,216,1758,5475,5607,6883,5799,52,574,2375,2456,2791,1883,259649328,18588,16149,491,424
2015,Disorderly Conduct,260792111,38053,20932,463,3801,10051,7684,8089,7965,90,1806,6495,4661,4265,3615,259649328,31646,25259,507,1138
2015,Drug Abuse Violations,260792111,62609,16779,64,1252,7946,9668,16504,27175,17,440,2897,2829,4234,6362,259649328,58681,17405,1163,1390
2015,Drunkenness,260792111,3235,1280,18,25,302,457,729,1704,5,18,204,218,324,511,259649328,3710,417,64,289
2015,Drive Under the Influence,260792111,4004,1326,17,5,61,166,870,2885,3,,36,68,332,887,259649328,4663,308,102,181
2015,Embezzlement,260792111,269,197,,3,14,11,81,160,,2,8,7,59,121,259649328,267,178,8,6
2015,Offenses Against the Family and Children,260792111,1843,1074,75,136,466,380,355,431,65,68,262,187,240,252,259649328,1796,922,23,143
2015,Forgery and Counterfeiting,260792111,626,215,5,15,61,63,144,338,2,2,23,27,48,113,259649328,507,314,8,6
2015,Fraud,260792111,2445,1204,8,69,408,411,590,959,1,36,185,221,319,442,259649328,1834,1646,54,63
2015,Gambling,260792111,325,32,1,10,33,62,104,115,,,1,4,10,17,259649328,77,267,5,6
2015,Murder and Nonnegligent Homicide,260792111,608,41,,5,44,91,180,288,1,1,5,5,8,21,259649328,240,397,3,6
2015,Liquor Laws,260792111,20887,13904,9,146,1747,2994,5748,10243,6,150,1639,2294,3885,5930,259649328,29995,2370,514,1382
2015,Larceny,260792111,76003,50926,436,4899,16977,14521,18282,20888,121,2484,9733,9559,13379,15650,259649328,75276,46115,2419,1857
2015,Manslaughter by Negligence,260792111,31,2,1,2,6,3,8,11,,,,,1,1,259649328,16,15,,2
2015,Motor Vehicle Theft,260792111,9553,2058,21,218,1704,2228,2711,2671,4,52,517,516,511,458,259649328,5709,5544,116,181
2015,All Other Offenses,260792111,98700,37520,747,4216,18046,18688,25413,31590,208,1771,8322,7817,9254,10148,259649328,89754,40312,2224,2396
2015,Prostitution and Commercialized Vice,260792111,130,363,5,18,18,18,25,46,,5,43,56,95,164,259649328,176,298,11,8
2015,Robbery,260792111,13249,1554,16,307,2206,2811,3632,4277,1,37,310,358,405,443,259649328,4274,10240,194,60
2015,Rape,260792111,2804,115,26,309,771,517,549,632,1,15,47,20,16,16,259649328,1879,927,38,42
2015,Runaway,260792111,20757,23199,242,1325,5271,5083,5538,3298,101,1084,6634,5941,5949,3490,259649328,28864,12105,1799,932
2015,Sex Offenses,260792111,6173,898,102,775,2047,1085,1065,1099,19,103,318,170,165,123,259649328,4954,1842,130,75
2015,Stolen Property,260792111,7110,1381,21,225,1237,1489,1956,2182,2,46,347,290,305,391,259649328,3566,4696,105,74
2015,Suspicion,260792111,115,39,4,10,29,22,26,24,1,2,7,7,11,11,259649328,102,37,,11
2015,Vagrancy,260792111,647,217,3,30,130,144,169,171,2,11,47,56,56,45,259649328,486,338,9,26
2015,Vandalism,260792111,27990,5694,509,2890,7483,5153,5952,6003,65,530,1628,1065,1138,1268,259649328,23328,9079,437,526
2015,Weapons,260792111,13871,1689,167,1073,2978,2398,3242,4013,13,193,463,290,352,378,259649328,8615,6459,255,138
2014,Arson,255852212,2209,329,128,402,758,360,334,227,14,52,119,64,37,43,254957718,1815,619,38,32
2014,Aggravated Assault,255852212,18108,6124,213,1579,4023,3334,4128,4831,48,471,1550,1244,1424,1387,254957718,13285,10201,338,253
2014,Simple Assault,255852212,72250,40809,1127,7892,18930,13394,15313,15594,233,3644,11873,8169,8918,7972,254957718,63598,46286,1110,1291
2014,Burglary,255852212,28837,3826,231,1714,6143,5936,7070,7743,41,237,901,761,875,1011,254957718,18239,13558,407,297
2014,Curfew and Loitering Law Violations,255852212,30542,11700,354,2273,6923,6517,7730,6745,73,719,2856,2600,3105,2347,254957718,21715,19254,576,468
2014,Disorderly Conduct,255852212,43033,22339,541,3950,11246,8269,9338,9689,82,1881,6661,4905,4746,4064,254957718,34564,28905,458,830
2014,Drug Abuse Violations,255852212,72900,18028,111,1563,9811,11829,19362,30224,23,492,3228,3186,4447,6652,254957718,66910,20704,1367,1251
2014,Drunkenness,255852212,3720,1473,12,21,341,503,851,1992,1,17,219,272,313,651,254957718,4443,501,78,126
2014,Drive Under the Influence,255852212,4136,1432,40,3,50,162,923,2958,5,6,36,78,359,948,254957718,4986,322,95,104
2014,Embezzlement,255852212,212,156,1,5,8,17,52,129,1,1,6,5,48,95,254957718,217,139,6,4
2014,Offenses Against the Family and Children,255852212,1681,1038,42,150,403,329,325,432,11,74,298,217,219,219,254957718,1726,870,18,79
2014,Forgery and Counterfeiting,255852212,692,262,2,13,85,91,153,348,1,1,21,29,74,136,254957718,590,342,10,4
2014,Fraud,255852212,2337,1128,4,89,331,422,585,906,6,42,186,177,306,411,254957718,1988,1331,37,64
2014,Gambling,255852212,399,53,,3,54,87,109,146,,,10,9,16,18,254957718,90,349,9,2
2014,Murder and Nonnegligent Homicide,255852212,555,49,6,3,35,67,157,287,,,5,7,21,16,254957718,251,340,6,5
2014,Liquor Laws,255852212,25740,16794,21,162,1864,3533,7056,13104,13,157,1744,2886,4729,7265,254957718,37006,3055,638,1315
2014,Larceny,255852212,86091,58987,520,5499,19660,16262,20477,23673,207,2920,11639,11253,15134,17834,254957718,86910,52316,2249,2163
2014,Manslaughter by Negligence,255852212,34,9,,1,4,7,7,15,,1,,,4,4,254957718,32,10,,
2014,Motor Vehicle Theft,255852212,8497,1712,17,182,1649,1939,2330,2380,1,37,436,402,432,404,254957718,5178,4733,114,111
2014,All Other Offenses,255852212,108410,40397,871,4603,19816,20687,27679,34754,286,1862,9070,8375,9879,10925,254957718,98604,45048,1637,1964
2014,Prostitution and Commercialized Vice,255852212,129,461,,5,23,20,26,55,2,5,40,70,109,235,254957718,266,310,7,6
2014,Robbery,255852212,14044,1579,14,342,2454,2920,3829,4485,5,36,326,337,421,454,254957718,4261,11048,147,85
2014,Rape,255852212,2567,112,23,289,704,499,483,569,2,11,33,27,16,23,254957718,1732,878,28,19
2014,Runaway,255852212,22845,23253,298,1667,5972,5415,5785,3708,93,1091,6708,5932,6103,3326,254957718,30122,14025,821,803
2014,Sex Offenses,255852212,6797,806,107,844,2308,1252,1069,1217,23,99,283,172,128,101,254957718,5465,1861,132,72
2014,Stolen Property,255852212,7035,1363,18,222,1296,1447,1854,2198,1,58,297,325,314,368,254957718,3803,4396,87,71
2014,Suspicion,255852212,256,99,5,8,44,119,43,37,1,15,27,14,38,4,254957718,189,163,1,
2014,Vagrancy,255852212,605,161,3,12,123,168,137,162,,10,36,31,40,44,254957718,489,251,5,8
2014,Vandalism,255852212,30744,5713,680,3260,8143,5846,6328,6487,86,565,1602,1037,1176,1247,254957718,26095,9184,380,500
2014,Weapons,255852212,14870,1776,276,1270,3276,2612,3365,4071,21,179,503,352,353,368,254957718,9534,6674,241,113
2013,Arson,257195726,2516,455,148,472,826,415,347,308,24,71,157,81,63,59,248045485,2180,698,35,43
2013,Aggravated Assault,257195726,18787,6585,206,1608,4246,3451,4302,4974,41,519,1747,1316,1494,1468,248045485,13725,10930,304,309
2013,Simple Assault,257195726,76233,43570,1191,8462,20269,14137,16006,16168,236,3926,12846,9052,9152,8358,248045485,68137,48380,1089,1483
2013,Burglary,257195726,30989,4048,208,1729,6504,6017,7786,8745,35,236,883,831,920,1143,248045485,20099,14002,448,332
2013,Curfew and Loitering Law Violations,257195726,34621,13719,309,2182,7658,7603,9018,7851,59,732,3279,3251,3544,2854,248045485,25271,21467,666,633
2013,Disorderly Conduct,257195726,50823,26764,535,4539,13958,10129,10644,11018,120,2333,8417,5775,5408,4711,248045485,41193,34317,574,899
2013,Drug Abuse Violations,257195726,78273,17469,74,1782,10758,12710,20560,32389,13,485,3265,3169,4321,6216,248045485,69533,22996,1365,1248
2013,Drunkenness,257195726,4355,1612,14,31,389,648,1016,2257,4,25,238,295,386,664,248045485,5134,554,96,143
2013,Drive Under the Influence,257195726,4563,1504,10,7,69,191,1004,3282,3,3,30,62,343,1063,248045485,5478,317,103,114
2013,Embezzlement,257195726,213,114,1,6,22,19,55,110,,,8,8,25,73,248045485,197,112,7,8
2013,Offenses Against the Family and Children,257195726,1375,873,29,102,321,301,258,364,12,57,234,207,185,178,248045485,1481,652,13,90
2013,Forgery and Counterfeiting,257195726,605,247,3,11,57,70,128,336,,9,15,20,59,144,248045485,528,297,18,6
2013,Fraud,257195726,2448,1177,9,113,412,370,631,913,1,31,150,185,304,506,248045485,2092,1382,55,73
2013,Gambling,257195726,571,45,,10,76,82,163,240,,4,14,5,7,15,248045485,59,557,7,
2013,Murder and Nonnegligent Homicide,257195726,554,73,,8,48,81,146,271,,1,17,12,20,23,248045485,238,371,7,10
2013,Liquor Laws,257195726,49895,39203,23,174,2235,14088,8351,25024,15,148,2069,13272,5380,18319,248045485,42583,3599,658,1739
2013,Larceny,257195726,100911,72212,521,6087,20286,17579,21607,34831,174,3475,12865,11593,15693,28412,248045485,91579,55225,2703,2389
2013,Manslaughter by Negligence,257195726,31,6,,3,7,2,6,13,,1,1,1,,3,248045485,26,11,,
2013,Motor Vehicle Theft,257195726,17914,11656,15,186,11510,1763,2185,2255,4,45,10411,398,450,348,248045485,5132,4141,120,133
2013,All Other Offenses,257195726,126201,52185,917,4877,30430,22125,29624,38228,263,1827,19158,8867,10530,11540,248045485,106033,46661,1820,2302
2013,Prostitution and Commercialized Vice,257195726,132,524,1,3,15,13,32,68,,2,40,67,148,267,248045485,242,406,3,4
2013,Robbery,257195726,14562,1540,13,379,2501,2938,4025,4706,1,40,321,353,426,399,248045485,4391,11479,139,63
2013,Rape,257195726,2388,113,19,253,683,412,451,570,3,15,44,23,17,11,248045485,1544,860,37,22
2013,Runaway,257195726,21342,24616,214,1343,5661,5071,5817,3236,100,1066,6831,6486,6538,3595,248045485,30765,13154,826,972
2013,Sex Offenses,257195726,7265,936,128,1044,2407,1225,1213,1248,20,130,305,197,163,121,248045485,5827,2116,116,65
2013,Stolen Property,257195726,7102,1368,15,220,1381,1396,1873,2217,4,63,290,318,344,349,248045485,4268,3988,94,81
2013,Suspicion,257195726,132,51,9,14,40,26,26,17,2,8,17,6,11,7,248045485,146,30,7,
2013,Vagrancy,257195726,588,168,2,21,107,126,149,183,1,12,44,35,28,48,248045485,513,216,20,2
2013,Vandalism,257195726,32101,6028,616,3555,8103,6053,6658,7116,87,652,1549,1150,1256,1334,248045485,27869,9075,363,517
2013,Weapons,257195726,15080,1760,284,1321,3383,2688,3314,4090,36,215,495,339,345,330,248045485,9966,6378,270,142
2012,Arson,254953025,3008,531,168,618,975,477,412,358,17,108,205,79,62,60,254321505,2539,888,46,21
2012,Aggravated Assault,254953025,21758,7599,241,1918,4845,3960,5034,5760,40,578,2025,1594,1735,1627,254321505,15900,12329,389,316
2012,Simple Assault,254953025,88012,50960,1336,9625,23300,15982,18428,19341,294,4396,15004,10562,10853,9851,254321505,80015,53541,1665,1559
2012,Burglary,254953025,38650,5158,291,2198,8130,7504,9518,11009,55,324,1213,998,1177,1391,254321505,25335,16833,602,367
2012,Curfew and Loitering Law Violations,254953025,42194,17084,260,2227,9109,9272,11246,10080,67,778,4263,4001,4395,3580,254321505,33772,23388,1008,890
2012,Disorderly Conduct,254953025,62817,34400,540,5719,17218,12276,13335,13729,127,2638,10821,7553,7255,6006,254321505,52837,40951,769,1133
2012,Drug Abuse Violations,254953025,92800,19117,103,1959,12838,15114,24743,38043,19,543,3663,3431,4700,6761,254321505,80845,25825,1719,1246
2012,Drunkenness,254953025,5725,2171,22,44,531,833,1294,3001,5,23,318,425,545,855,254321505,6869,710,112,170
2012,Drive Under the Influence,254953025,5595,1933,14,8,86,212,1243,4032,6,4,28,88,468,1339,254321505,6800,376,103,127
2012,Embezzlement,254953025,212,139,,4,15,21,55,117,,,5,6,42,86,254321505,221,116,8,5
2012,Offenses Against the Family and Children,254953025,1711,1039,42,113,362,328,414,452,13,82,266,216,228,234,254321505,1843,749,17,108
2012,Forgery and Counterfeiting,254953025,822,344,4,16,104,90,194,414,,5,31,33,78,197,254321505,756,346,13,8
2012,Fraud,254953025,2588,1247,11,80,401,398,682,1016,4,32,182,195,339,495,254321505,2113,1485,52,59
2012,Gambling,254953025,705,44,,10,59,128,225,283,1,,8,4,10,21,254321505,78,659,6,1
2012,Murder and Nonnegligent Homicide,254953025,529,53,,10,47,73,154,245,1,,7,7,13,25,254321505,267,303,1,10
2012,Liquor Laws,254953025,39598,26019,26,240,2917,5122,11269,20024,17,206,2918,4530,7325,11023,254321505,56969,4582,1026,2027
2012,Larceny,254953025,106858,76966,607,7347,24123,20269,25461,29051,235,4433,16487,14400,19295,22116,254321505,111141,62962,4050,2589
2012,Manslaughter by Negligence,254953025,52,11,,,3,8,13,28,,1,,2,5,3,254321505,44,16,2,
2012,Motor Vehicle Theft,254953025,8974,1657,10,196,1610,2032,2566,2560,,41,371,396,429,420,254321505,6012,4122,168,150
2012,All Other Offenses,254953025,142134,51737,987,5890,25541,26807,36500,46409,329,2247,11286,11222,12973,13680,254321505,129599,53989,3869,2641
2012,Prostitution and Commercialized Vice,254953025,150,478,,2,19,18,47,64,,3,23,68,140,244,254321505,250,363,8,
2012,Robbery,254953025,15650,1747,29,371,2598,3132,4295,5225,,53,351,363,471,509,254321505,5005,11778,272,89
2012,Rape,254953025,2099,33,6,191,585,364,423,530,1,3,11,4,5,9,254321505,1351,708,24,24
2012,Runaway,254953025,27599,30248,260,1671,7177,6636,7528,4327,128,1299,8362,7920,8085,4454,254321505,38242,15776,2547,1087
2012,Sex Offenses,254953025,9069,1010,161,1350,3035,1508,1462,1553,25,149,342,207,153,134,254321505,6942,2647,151,96
2012,Stolen Property,254953025,8846,1714,23,298,1610,1784,2288,2843,6,76,376,356,443,457,254321505,5358,4669,131,94
2012,Suspicion,254953025,196,72,4,18,44,43,52,35,1,9,20,13,16,13,254321505,200,66,2,
2012,Vagrancy,254953025,892,260,1,28,187,213,234,229,,18,62,65,64,51,254321505,716,419,4,4
2012,Vandalism,254953025,40755,7679,787,4395,10731,7442,8662,8738,107,866,2090,1416,1592,1608,254321505,35091,10719,540,622
2012,Weapons,254953025,18041,1929,378,1651,4045,3094,4006,4867,39,214,495,371,394,416,254321505,11891,7364,343,148
2011,Arson,250795788,3277,546,190,612,1070,531,489,385,14,95,195,101,86,55,250082691,2779,959,48,28
2011,Aggravated Assault,250795788,24202,8041,264,2074,5328,4285,5543,6708,41,613,2054,1583,1835,1915,250082691,17954,13470,326,391
2011,Simple Assault,250795788,97610,53904,1390,10814,25642,17870,20443,21451,276,4446,15562,10952,11752,10916,250082691,89629,57895,1592,1753
2011,Burglary,250795788,43474,5745,361,2507,8868,8349,10665,12724,58,351,1273,1172,1416,1475,250082691,29373,18788,507,406
2011,Curfew and Loitering Law Violations,250795788,43178,18159,119,1669,8626,9429,12375,10960,52,748,4364,4146,4799,4050,250082691,37554,21737,913,842
2011,Disorderly Conduct,250795788,71948,38189,507,6762,19226,14143,15632,15678,97,3086,11800,8344,7928,6934,250082691,62656,44798,804,1252
2011,Drug Abuse Violations,250795788,97747,19693,100,2016,13659,16640,26113,39219,20,522,3794,3551,4906,6900,250082691,86884,27157,1536,1328
2011,Drunkenness,250795788,6742,2400,11,60,596,1017,1591,3467,4,34,390,450,564,958,250082691,7918,877,85,216
2011,Drive Under the Influence,250795788,6009,2053,4,17,68,234,1313,4373,2,7,33,73,470,1468,250082691,7318,429,99,159
2011,Embezzlement,250795788,201,129,,5,14,12,48,122,,3,10,7,28,81,250082691,216,104,6,1
2011,Offenses Against the Family and Children,250795788,1726,1084,37,121,356,324,409,479,19,61,276,197,247,284,250082691,1926,750,17,69
2011,Forgery and Counterfeiting,250795788,890,363,4,27,104,147,171,437,1,7,21,40,85,209,250082691,830,397,17,6
2011,Fraud,250795788,2667,1417,9,85,342,432,650,1149,4,42,160,269,392,550,250082691,2443,1514,48,41
2011,Gambling,250795788,722,48,1,3,66,124,210,318,,1,12,8,10,17,250082691,93,668,7,2
2011,Murder and Nonnegligent Homicide,250795788,614,59,1,10,54,93,157,299,,1,7,17,13,21,250082691,304,360,3,5
2011,Liquor Laws,250795788,44186,29260,39,250,3038,5767,12491,22601,21,340,3288,4875,8296,12440,250082691,64487,4975,940,2431
2011,Larceny,250795788,116322,90245,718,7848,25298,22334,28045,32079,268,5279,19154,17413,22698,25433,250082691,130065,68517,3937,2922
2011,Manslaughter by Negligence,250795788,45,7,1,1,1,9,9,24,,,1,1,3,2,250082691,36,15,,1
2011,Motor Vehicle Theft,250795788,9379,1760,11,191,1600,2109,2639,2829,4,44,377,414,466,455,250082691,6178,4650,136,140
2011,All Other Offenses,250795788,157097,56244,849,6419,27335,29907,41025,51562,284,2488,12167,12109,14051,15145,250082691,146214,59236,3644,2640
2011,Prostitution and Commercialized Vice,250795788,184,584,,1,22,27,52,82,,6,41,86,151,300,250082691,270,486,8,1
2011,Robbery,250795788,17202,1698,33,395,2691,3505,4857,5721,3,59,332,326,440,538,250082691,5720,12829,237,83
2011,Rape,250795788,2233,50,8,225,545,401,462,592,,9,17,8,9,7,250082691,1444,794,19,14
2011,Runaway,250795788,28420,32982,262,1807,7130,6898,7620,4703,127,1341,8944,8769,8747,5054,250082691,40463,16774,2764,1233
2011,Sex Offenses,250795788,8943,1054,161,1269,2933,1478,1536,1566,27,125,345,246,172,139,250082691,6940,2795,127,77
2011,Stolen Property,250795788,8851,1788,21,284,1516,1795,2237,2998,5,65,419,325,440,534,250082691,6019,4381,135,84
2011,Suspicion,250795788,85,32,1,6,17,8,33,20,1,3,7,4,8,9,250082691,59,57,1,
2011,Vagrancy,250795788,1094,320,6,41,254,262,298,233,,18,81,82,93,46,250082691,1030,369,5,6
2011,Vandalism,250795788,46436,8069,827,5107,11879,8915,9708,10000,103,886,2270,1485,1580,1745,250082691,41213,11628,623,710
2011,Weapons,250795788,20040,2331,400,1828,4272,3511,4443,5586,47,291,585,448,480,480,250082691,13564,8273,285,169
2010,Arson,248792692,3194,486,192,652,1015,535,400,400,12,90,189,89,64,42,248091098,2759,802,53,40
2010,Aggravated Assault,248792692,27046,8911,272,2263,5766,4795,6365,7585,32,671,2210,1742,2122,2134,248091098,20262,14768,384,420
2010,Simple Assault,248792692,107854,58613,1472,11583,27755,20105,23259,23680,322,5041,16702,12027,12977,11544,248091098,99019,62805,1882,1758
2010,Burglary,248792692,46492,6087,376,2672,9502,8856,11427,13659,71,390,1347,1245,1433,1601,248091098,32388,19031,577,413
2010,Curfew and Loitering Law Violations,248792692,52391,22142,195,2028,10247,11219,15298,13404,48,895,5058,5074,6256,4811,248091098,44152,28370,1011,769
2010,Disorderly Conduct,248792692,81574,42548,525,7428,20855,16121,18419,18226,110,3546,13053,9217,8904,7718,248091098,71203,49869,969,1313
2010,Drug Abuse Violations,248792692,113329,22387,136,2313,16087,19510,30543,44740,27,552,4413,4158,5531,7706,248091098,100161,32088,1551,1450
2010,Drunkenness,248792692,7484,2726,18,64,700,1119,1777,3806,1,24,435,556,626,1084,248091098,9015,869,75,221
2010,Drive Under the Influence,248792692,7144,2420,16,13,85,265,1604,5161,10,6,44,78,590,1692,248091098,8656,537,144,159
2010,Embezzlement,248792692,209,147,,1,13,11,52,132,,,5,9,29,104,248091098,217,121,7,3
2010,Offenses Against the Family and Children,248792692,2009,1059,42,155,452,367,459,534,13,75,262,203,274,232,248091098,2176,751,21,80
2010,Forgery and Counterfeiting,248792692,975,369,4,27,96,139,234,475,1,6,35,39,74,214,248091098,892,414,22,8
2010,Fraud,248792692,3081,1585,16,71,385,469,838,1302,4,49,255,236,381,660,248091098,2766,1764,55,52
2010,Gambling,248792692,1007,33,1,5,111,155,293,442,,,1,6,12,14,248091098,86,942,8,3
2010,Murder and Nonnegligent Homicide,248792692,732,82,,5,57,108,228,334,,2,12,16,19,33,248091098,351,450,6,4
2010,Liquor Laws,248792692,48203,30358,40,334,3520,6464,13527,24318,16,346,3466,5271,8603,12656,248091098,69025,5472,1130,2424
2010,Larceny,248792692,124221,103727,816,8179,26989,23819,30068,34350,315,6133,22194,20260,25657,29168,248091098,146825,72349,4477,2964
2010,Manslaughter by Negligence,248792692,37,6,,2,6,3,10,16,,,3,,,3,248091098,29,13,1,
2010,Motor Vehicle Theft,248792692,10604,2036,18,235,1823,2294,2947,3287,2,41,422,499,581,491,248091098,6962,5280,174,175
2010,All Other Offenses,248792692,176917,62722,1105,7125,31035,33790,46096,57766,356,2663,13546,13320,15775,17062,248091098,165020,66197,4244,2662
2010,Prostitution and Commercialized Vice,248792692,149,672,1,5,16,20,36,71,,,71,92,174,335,248091098,311,488,13,9
2010,Robbery,248792692,19592,2121,33,520,3063,3841,5631,6504,5,59,374,463,558,662,248091098,6847,14468,247,102
2010,Rape,248792692,2346,54,8,210,549,404,538,637,1,10,18,14,9,2,248091098,1500,844,16,23
2010,Runaway,248792692,31797,37630,322,1883,7772,7613,8970,5237,134,1620,10022,9901,10055,5898,248091098,45443,18962,3318,1500
2010,Sex Offenses,248792692,9311,1054,162,1295,3043,1581,1595,1635,26,129,361,194,198,146,248091098,7391,2684,147,74
2010,Stolen Property,248792692,9863,1954,41,349,1727,1936,2623,3187,5,69,415,451,489,525,248091098,6619,4940,131,83
2010,Suspicion,248792692,83,25,1,1,13,15,28,25,,,12,,5,8,248091098,73,34,1,
2010,Vagrancy,248792692,1318,381,6,44,301,305,381,281,,22,103,100,99,57,248091098,1285,397,12,5
2010,Vandalism,248792692,52612,9108,993,5460,13756,10033,11174,11196,116,1061,2535,1630,1876,1890,248091098,47864,12077,683,759
2010,Weapons,248792692,22267,2685,386,1959,4909,3890,4953,6170,40,287,715,506,574,563,248091098,15390,8912,307,179
2009,Arson,247547472,3727,573,206,696,1312,595,521,397,15,89,216,110,83,60,246779693,3289,880,61,58
2009,Aggravated Assault,247547472,30237,9888,308,2450,6291,5467,7242,8479,52,648,2412,2104,2371,2301,246779693,22264,16829,476,423
2009,Simple Assault,247547472,115374,59899,1444,11877,29281,21665,25176,25931,288,4538,16761,12471,13590,12251,246779693,102642,67841,1909,1863
2009,Burglary,247547472,53367,6933,441,2980,11022,10493,13305,15126,57,401,1516,1472,1605,1882,246779693,36637,22351,599,512
2009,Curfew and Loitering Law Violations,247547472,63056,27952,205,2350,12294,13678,18319,16210,73,1065,6450,6757,7570,6037,246779693,55299,33550,1112,873
2009,Disorderly Conduct,247547472,90849,45266,658,7738,23260,18473,20473,20247,131,3441,13340,9949,10068,8337,246779693,77111,55864,1108,1386
2009,Drug Abuse Violations,247547472,115238,21399,127,1940,15177,19353,31023,47618,24,493,3713,3952,5444,7773,246779693,98765,34571,1577,1288
2009,Drunkenness,247547472,8473,2879,56,51,680,1204,2050,4432,13,50,451,555,674,1136,246779693,10009,1000,92,215
2009,Drive Under the Influence,247547472,8220,2702,42,12,110,323,1840,5893,10,7,55,136,619,1875,246779693,9949,555,137,196
2009,Embezzlement,247547472,284,211,,6,18,21,65,174,,1,8,12,55,135,246779693,316,162,13,1
2009,Offenses Against the Family and Children,247547472,2357,1327,26,166,490,414,586,675,12,76,276,330,298,335,246779693,2694,880,23,49
2009,Forgery and Counterfeiting,247547472,1206,514,5,37,125,159,305,575,3,12,43,76,109,271,246779693,1142,547,16,9
2009,Fraud,247547472,3339,1800,21,97,436,520,882,1383,14,36,249,274,470,757,246779693,3176,1819,50,55
2009,Gambling,247547472,1360,38,1,6,148,234,393,578,,,1,5,13,19,246779693,95,1296,7,
2009,Murder and Nonnegligent Homicide,247547472,876,70,1,10,69,141,261,394,,1,7,9,29,24,246779693,382,547,8,8
2009,Liquor Laws,247547472,55452,34729,75,307,3814,7460,15558,28238,27,336,3692,5830,9769,15075,246779693,80098,5520,1190,2780
2009,Larceny,247547472,140454,117647,923,8988,30141,26666,34635,39101,386,6151,24447,23055,30222,33386,246779693,166953,81422,5096,3184
2009,Manslaughter by Negligence,247547472,49,9,,,4,6,12,27,,,,3,,6,246779693,38,20,,
2009,Motor Vehicle Theft,247547472,13280,2710,24,259,2161,2954,3845,4037,3,64,637,683,702,621,246779693,8633,6824,230,238
2009,All Other Offenses,247547472,194227,69160,1386,7442,34428,37542,50618,62811,352,2670,14927,15314,17522,18375,246779693,181026,73205,4771,2896
2009,Prostitution and Commercialized Vice,247547472,236,842,3,14,31,31,57,100,2,1,79,174,220,366,246779693,426,625,16,4
2009,Robbery,247547472,22928,2544,31,513,3526,4686,6472,7700,,64,486,546,674,774,246779693,7921,17078,305,113
2009,Rape,247547472,2501,51,12,170,603,478,539,699,1,10,15,9,8,8,246779693,1635,848,30,19
2009,Runaway,247547472,33983,41840,346,1874,8189,8195,9580,5799,155,1690,11208,10889,11426,6472,246779693,49456,20390,4123,1660
2009,Sex Offenses,247547472,9598,1128,185,1260,3162,1592,1597,1802,26,140,369,227,181,185,246779693,7605,2806,151,93
2009,Stolen Property,247547472,12248,2844,44,439,2100,2442,3264,3959,13,121,586,614,703,807,246779693,8224,6544,150,117
2009,Suspicion,247547472,139,39,5,14,18,21,38,43,3,1,6,6,10,13,246779693,76,101,1,
2009,Vagrancy,247547472,1561,601,6,27,323,416,401,388,,22,142,169,161,107,246779693,1546,592,15,9
2009,Vandalism,247547472,62807,9941,1108,6183,16818,11847,13566,13285,121,1034,2715,1791,2103,2177,246779693,56775,13829,860,854
2009,Weapons,247547472,24292,2822,353,1875,5019,4374,5639,7032,54,267,806,495,606,594,246779693,16368,10024,334,213
2008,Arson,240194764,4542,643,284,825,1471,789,616,557,18,89,228,145,99,64,239340967,4001,1021,85,52
2008,Aggravated Assault,240194764,33677,10368,351,2585,7396,6311,7880,9154,56,682,2615,2171,2417,2427,239340967,24521,18446,492,416
2008,Simple Assault,240194764,120413,62573,1652,12315,31525,22881,25863,26177,322,4763,18018,13276,14114,12080,239340967,107378,71047,2121,1775
2008,Burglary,240194764,58304,7962,507,3274,12861,11915,14214,15533,59,544,1818,1703,1868,1970,239340967,41572,23210,738,539
2008,Curfew and Loitering Law Violations,240194764,73064,33331,305,2985,14678,16338,20735,18023,99,1326,7899,8155,9031,6821,239340967,67510,36488,1365,834
2008,Disorderly Conduct,240194764,99971,48741,728,8638,25955,20286,22451,21913,164,3583,14911,10857,10570,8656,239340967,85195,60421,1177,1430
2008,Drug Abuse Violations,240194764,119528,21917,160,1792,14740,19676,32891,50269,38,455,3745,3998,5587,8094,239340967,99969,38450,1419,1166
2008,Drunkenness,240194764,9426,2994,47,42,754,1326,2264,4993,14,20,425,530,763,1242,239340967,11017,1010,86,278
2008,Drive Under the Influence,240194764,9454,3070,31,14,102,349,2122,6836,9,7,45,129,752,2128,239340967,11513,547,159,231
2008,Embezzlement,240194764,580,431,4,1,14,28,163,370,,2,8,15,127,279,239340967,607,376,14,8
2008,Offenses Against the Family and Children,240194764,2877,1630,58,162,558,497,735,867,26,74,371,364,406,389,239340967,3207,1172,23,70
2008,Forgery and Counterfeiting,240194764,1401,681,4,35,134,177,356,695,5,15,59,58,155,389,239340967,1379,647,29,16
2008,Fraud,240194764,3866,2065,29,97,485,576,1009,1670,15,56,276,291,567,860,239340967,3672,2069,75,82
2008,Gambling,240194764,1279,27,3,10,164,260,331,511,,,5,3,4,15,239340967,72,1220,14,
2008,Murder and Nonnegligent Homicide,240194764,926,66,1,7,61,141,278,438,,1,10,12,23,20,239340967,391,580,12,5
2008,Liquor Laws,240194764,64807,39174,103,389,4411,8653,18424,32827,27,336,4253,6633,11120,16805,239340967,93299,5879,1243,2932
2008,Larceny,240194764,144188,113530,1106,10099,32620,27971,34527,37865,406,6009,24515,22575,29039,30986,239340967,169000,79915,4599,2985
2008,Manslaughter by Negligence,240194764,51,10,,2,6,4,16,23,,,,,5,5,239340967,36,24,1,
2008,Motor Vehicle Theft,240194764,16665,3063,16,351,2877,3906,4696,4819,4,64,656,730,844,765,239340967,10277,8849,296,241
2008,All Other Offenses,240194764,212084,75379,1455,8188,37740,41269,55508,67924,353,2890,16664,16626,19105,19741,239340967,200280,77149,5568,3099
2008,Prostitution and Commercialized Vice,240194764,288,880,3,3,25,41,70,146,5,4,91,133,259,388,239340967,464,666,19,17
2008,Robbery,240194764,25485,2586,55,613,4253,5043,7197,8324,6,76,488,583,683,750,239340967,8718,18885,327,97
2008,Rape,240194764,2550,40,13,222,645,461,558,651,,3,9,12,7,9,239340967,1606,930,15,21
2008,Runaway,240194764,37739,48172,418,2210,9294,9337,10525,5955,220,2016,13310,12561,13123,6942,239340967,56835,23027,4188,1634
2008,Sex Offenses,240194764,10220,1100,221,1428,3265,1739,1773,1794,21,103,346,243,181,206,239340967,7970,3059,139,85
2008,Stolen Property,240194764,13389,3049,54,465,2509,2590,3644,4127,6,125,640,629,798,851,239340967,8943,7157,162,135
2008,Suspicion,240194764,165,46,1,7,34,41,40,42,,2,8,6,15,15,239340967,106,104,1,
2008,Vagrancy,240194764,2216,889,6,104,498,574,702,332,,44,263,252,254,76,239340967,2437,645,16,7
2008,Vandalism,240194764,73345,11332,1433,7325,20621,14141,14911,14914,152,1230,3358,2039,2247,2306,239340967,66421,15744,1142,989
2008,Weapons,240194764,28383,3026,364,2131,6180,5095,6675,7938,30,302,863,616,638,577,239340967,18859,11860,363,229
2007,Arson,235465952,4956,662,338,930,1671,846,628,543,25,105,243,119,107,63,234827513,4281,1173,92,50
2007,Aggravated Assault,235465952,34339,10347,424,2762,7434,6206,8092,9421,49,658,2705,2142,2426,2367,234827513,25363,18192,525,477
2007,Simple Assault,235465952,124920,63392,1874,13272,33477,23790,26600,25907,387,4995,18661,13509,13867,11973,234827513,110253,73453,2070,1971
2007,Burglary,235465952,56311,7314,567,3563,12748,11457,13320,14656,87,489,1731,1563,1617,1827,234827513,41367,20791,668,647
2007,Curfew and Loitering Law Violations,235465952,77462,34547,349,3412,15825,17446,21884,18546,113,1428,8474,8527,9098,6907,234827513,71488,37898,1388,988
2007,Disorderly Conduct,235465952,105549,52465,935,9436,28135,21183,23305,22555,225,4075,16508,11879,11096,8682,234827513,90740,64032,1187,1669
2007,Drug Abuse Violations,235465952,127384,23965,231,1829,15623,21310,35312,53079,51,458,4003,4451,6303,8699,234827513,104113,44077,1430,1327
2007,Drunkenness,235465952,9894,3368,65,54,787,1494,2343,5151,11,31,483,668,829,1346,234827513,11825,1015,107,273
2007,Drive Under the Influence,235465952,10593,3374,152,12,138,399,2423,7469,43,4,55,159,868,2245,234827513,12886,612,144,251
2007,Embezzlement,235465952,773,547,3,8,20,43,242,457,3,4,11,14,170,345,234827513,773,508,29,10
2007,Offenses Against the Family and Children,235465952,2732,1744,71,175,560,472,665,789,49,78,409,384,427,397,234827513,3219,1090,33,86
2007,Forgery and Counterfeiting,235465952,1661,770,18,39,159,205,404,836,8,18,67,86,209,382,234827513,1750,612,37,22
2007,Fraud,235465952,3767,2099,35,71,463,599,982,1617,21,65,264,305,519,925,234827513,3711,1950,82,81
2007,Gambling,235465952,1569,31,4,12,208,284,418,643,3,,3,5,14,6,234827513,69,1520,10,1
2007,Murder and Nonnegligent Homicide,235465952,967,78,1,6,90,121,283,466,,,9,16,17,36,234827513,421,596,12,15
2007,Liquor Laws,235465952,69308,41520,80,318,4618,9457,19695,35140,34,328,4592,7387,11976,17203,234827513,100157,5643,1312,3087
2007,Larceny,235465952,134919,102104,1352,10163,32031,26379,31192,33802,485,5910,23782,20807,24988,26132,234827513,156586,71818,4497,3048
2007,Manslaughter by Negligence,235465952,70,15,,2,16,8,16,28,,,2,,7,6,234827513,57,25,,2
2007,Motor Vehicle Theft,235465952,19456,3900,31,433,3710,4466,5407,5409,3,101,898,946,1039,913,234827513,12624,9926,416,349
2007,All Other Offenses,235465952,218108,78585,1800,9510,40494,42682,55430,68192,525,3088,17500,17618,19905,19949,234827513,207443,79406,5257,3424
2007,Prostitution and Commercialized Vice,235465952,264,919,6,10,21,31,64,132,10,4,96,156,257,396,234827513,484,678,9,9
2007,Robbery,235465952,24439,2624,66,722,4325,4960,6743,7623,7,79,556,552,685,745,234827513,8284,18286,339,126
2007,Rape,235465952,2700,51,9,237,673,463,599,719,1,3,25,7,8,7,234827513,1688,994,28,25
2007,Runaway,235465952,39211,50258,415,2251,10142,9648,10607,6148,209,1903,13694,13036,14020,7396,234827513,60028,22955,4509,1773
2007,Sex Offenses,235465952,10825,1146,241,1435,3570,1879,1821,1879,31,141,338,231,228,177,234827513,8392,3338,109,82
2007,Stolen Property,235465952,14149,3128,67,509,2767,2888,3705,4213,13,171,715,705,740,784,234827513,9424,7465,204,136
2007,Suspicion,235465952,235,77,,13,46,41,79,56,,2,17,16,28,14,234827513,207,102,,3
2007,Vagrancy,235465952,2091,860,12,95,492,529,636,327,3,47,260,242,232,76,234827513,2284,636,12,19
2007,Vandalism,235465952,75953,11799,1524,7783,21428,15113,15412,14693,198,1210,3490,2145,2335,2421,234827513,68659,16409,1216,1101
2007,Weapons,235465952,30559,3296,405,2282,6805,5702,7053,8312,41,283,957,674,713,628,234827513,20437,12668,428,262
2006,Arson,228414560,5294,844,323,1026,1728,918,770,529,36,109,333,163,116,87,228003319,4848,1108,104,56
2006,Aggravated Assault,228414560,35064,10662,410,2891,7920,6458,8225,9160,29,724,2872,2248,2445,2344,228003319,25472,19006,559,572
2006,Simple Assault,228414560,125754,63694,1939,13880,34144,23850,26420,25521,373,5093,19158,13745,13704,11621,228003319,111698,72769,2072,2130
2006,Burglary,228414560,56080,7044,636,3579,13459,11557,13291,13558,97,560,1826,1415,1541,1605,228003319,41776,19745,725,687
2006,Curfew and Loitering Law Violations,228414560,80355,36340,334,3501,17249,18402,22631,18238,118,1684,9186,8887,9541,6924,228003319,71409,42884,1307,894
2006,Disorderly Conduct,228414560,106451,52333,1026,10197,28875,21675,22923,21755,217,4356,16901,11814,10665,8380,228003319,91890,63266,1278,1923
2006,Drug Abuse Violations,228414560,124610,23646,233,1895,15652,21154,35137,50539,45,499,4230,4451,6242,8179,228003319,101150,44094,1342,1219
2006,Drunkenness,228414560,9387,3141,47,48,778,1432,2194,4888,9,20,493,588,785,1246,228003319,11173,1007,114,208
2006,Drive Under the Influence,228414560,11248,3427,181,6,116,454,2759,7732,57,5,54,132,907,2272,228003319,13668,514,171,250
2006,Embezzlement,228414560,587,476,2,7,16,31,176,355,,3,13,11,141,308,228003319,638,401,17,6
2006,Offenses Against the Family and Children,228414560,2459,1576,72,188,470,480,617,632,40,83,419,352,346,336,228003319,3029,901,41,49
2006,Forgery and Counterfeiting,228414560,1781,886,5,32,164,256,477,847,13,19,58,102,240,454,228003319,1958,630,40,23
2006,Fraud,228414560,3885,2035,22,98,496,585,1067,1617,13,37,258,294,549,884,228003319,3778,2001,65,45
2006,Gambling,228414560,1571,55,3,16,205,319,393,635,,,18,5,11,21,228003319,140,1477,8,1
2006,Murder and Nonnegligent Homicide,228414560,916,54,,8,69,143,273,423,,1,5,9,14,25,228003319,379,573,12,6
2006,Liquor Laws,228414560,68821,39291,79,352,4646,9533,20077,34134,36,327,4503,6992,11442,15991,228003319,97888,5230,1340,3001
2006,Larceny,228414560,127121,87695,1420,10786,32087,24909,28276,29643,494,5725,22153,18261,20406,20656,228003319,144778,62223,4037,2640
2006,Manslaughter by Negligence,228414560,62,16,,3,5,12,13,29,,1,,1,2,12,228003319,60,17,1,
2006,Motor Vehicle Theft,228414560,21717,4366,43,538,4333,5042,5921,5840,2,102,1077,1143,1070,972,228003319,14057,11122,544,292
2006,All Other Offenses,228414560,214708,78232,1740,9711,40987,42559,54307,65404,425,3404,18289,17590,19581,18943,228003319,209192,74687,4518,3281
2006,Prostitution and Commercialized Vice,228414560,323,901,4,10,27,35,86,161,9,4,110,138,270,370,228003319,541,659,13,10
2006,Robbery,228414560,24167,2515,65,816,4568,5090,6524,7104,8,75,594,571,613,654,228003319,8251,17950,318,121
2006,Rape,228414560,2596,46,13,211,719,448,565,640,3,6,12,5,13,7,228003319,1678,897,22,30
2006,Runaway,228414560,37452,49049,407,2413,9583,9348,9945,5756,224,2047,14014,12794,12932,7038,228003319,59427,21232,4087,1608
2006,Sex Offenses,228414560,10773,1156,250,1408,3498,1896,1882,1839,37,127,343,249,214,186,228003319,8485,3178,116,91
2006,Stolen Property,228414560,13825,2369,63,520,2780,2794,3535,4133,5,119,543,514,570,618,228003319,9045,6757,186,123
2006,Suspicion,228414560,248,68,1,7,39,53,70,78,,3,20,15,19,11,228003319,205,108,3,
2006,Vagrancy,228414560,2617,1136,14,134,639,658,791,381,2,78,358,297,281,120,228003319,2889,825,22,17
2006,Vandalism,228414560,78104,11895,1648,8396,21802,15098,16214,14946,175,1269,3501,2206,2420,2324,228003319,70582,16905,1143,989
2006,Weapons,228414560,31894,3585,351,2602,7449,5890,7313,8289,27,338,1089,795,675,661,228003319,21640,13003,444,291
2005,Arson,230188113,5411,865,325,1046,1874,900,675,591,25,133,335,179,119,74,227823799,4932,1154,77,64
2005,Aggravated Assault,230188113,35749,11216,503,3068,8589,6599,8105,8885,78,805,3068,2359,2542,2364,227823799,26043,19617,489,494
2005,Simple Assault,230188113,128538,63670,2096,14895,35807,24608,26034,25098,399,5513,19835,13594,13241,11088,227823799,111831,74642,2084,2163
2005,Burglary,230188113,53298,6810,628,3996,12864,10950,11944,12916,98,581,1875,1391,1408,1457,227823799,39932,18525,586,596
2005,Curfew and Loitering Law Violations,230188113,76082,33289,351,3536,16538,17081,21384,17192,102,1658,8572,8118,8621,6218,227823799,67709,39201,1298,952
2005,Disorderly Conduct,230188113,106950,52010,1015,10500,30116,21692,22323,21304,239,4403,17300,11890,10305,7873,227823799,91900,62957,1235,1984
2005,Drug Abuse Violations,230188113,121997,24958,239,1900,16008,21310,33903,48637,40,605,4816,4854,6330,8313,227823799,100571,42440,1339,1341
2005,Drunkenness,230188113,9125,2853,54,81,798,1365,2147,4680,6,29,451,606,687,1074,227823799,10263,969,99,231
2005,Drive Under the Influence,230188113,10638,2986,58,17,112,410,2586,7455,16,1,40,135,747,2047,227823799,12361,522,130,231
2005,Embezzlement,230188113,499,392,3,12,28,25,154,277,,,8,13,107,264,227823799,558,303,17,8
2005,Offenses Against the Family and Children,230188113,2665,1714,63,192,585,503,601,721,35,97,416,372,393,401,227823799,3251,959,16,100
2005,Forgery and Counterfeiting,230188113,2206,1031,13,42,231,305,612,1003,6,19,87,127,252,540,227823799,2367,753,51,18
2005,Fraud,230188113,3972,2173,35,97,556,539,1058,1687,39,50,309,294,519,962,227823799,3895,2063,66,32
2005,Gambling,230188113,1448,35,1,18,183,264,391,591,,,5,9,7,14,227823799,110,1358,14,
2005,Murder and Nonnegligent Homicide,230188113,873,95,,8,79,136,222,428,,2,12,18,27,36,227823799,408,527,10,18
2005,Liquor Laws,230188113,62111,34915,86,298,4203,8693,17632,31199,30,294,4188,6475,9967,13961,227823799,88037,4558,916,2673
2005,Larceny,230188113,133365,96332,1570,12082,34463,25971,29007,30272,556,6835,25398,19921,21902,21720,227823799,156521,63988,4263,3330
2005,Manslaughter by Negligence,230188113,56,12,,2,8,8,11,27,,,2,1,1,8,227823799,54,13,,1
2005,Motor Vehicle Theft,230188113,24064,4929,75,603,4802,5611,6493,6480,11,130,1170,1288,1251,1079,227823799,15352,12642,465,367
2005,All Other Offenses,230188113,207735,78435,1947,9871,40685,40754,51682,62796,530,3688,19021,17939,18784,18473,227823799,201758,74177,4184,3691
2005,Prostitution and Commercialized Vice,230188113,323,896,4,4,32,40,80,163,7,6,112,141,246,384,227823799,504,682,20,9
2005,Robbery,230188113,20260,2096,65,695,3857,4314,5463,5866,8,83,472,485,485,563,227823799,6795,15108,292,105
2005,Rape,230188113,3019,69,12,309,793,513,614,778,1,9,22,13,14,10,227823799,1947,1054,19,31
2005,Runaway,230188113,36879,50979,437,2605,9824,8960,9506,5547,294,2183,14940,13674,12926,6962,227823799,61930,20513,3502,1623
2005,Sex Offenses,230188113,11732,1189,289,1693,3909,1995,1922,1924,38,150,387,224,218,172,227823799,9041,3431,117,111
2005,Stolen Property,230188113,14254,2851,73,612,2909,2855,3728,4077,13,133,630,559,714,802,227823799,9300,7253,202,156
2005,Suspicion,230188113,286,114,1,13,49,57,70,96,1,4,29,22,23,35,227823799,253,144,1,2
2005,Vagrancy,230188113,2530,929,3,112,640,616,728,431,2,44,291,244,243,105,227823799,2735,686,26,12
2005,Vandalism,230188113,69540,11104,1629,7961,19283,13123,14003,13541,200,1304,3337,2008,2144,2111,227823799,62294,15727,888,992
2005,Weapons,230188113,30772,3696,328,2442,7427,5890,6886,7799,19,344,1188,832,721,592,227823799,20944,12715,420,267
2004,Arson,222125207,4983,786,336,1080,1641,807,649,470,36,123,333,139,98,57,221052350,4510,1094,77,59
2004,Aggravated Assault,222125207,34518,10710,527,3151,8294,6253,7632,8661,75,813,3009,2300,2325,2188,221052350,26224,17857,521,502
2004,Simple Assault,222125207,125957,63132,2316,15962,36002,22912,24871,23894,460,6030,20021,13328,12656,10637,221052350,112966,71469,2245,1925
2004,Burglary,222125207,53797,7074,811,4378,13606,10373,11936,12693,131,641,1878,1402,1575,1447,221052350,42429,16893,710,725
2004,Curfew and Loitering Law Violations,222125207,69708,31375,300,3421,15671,15391,19463,15462,100,1536,8365,7559,8190,5625,221052350,66567,32353,1359,689
2004,Disorderly Conduct,222125207,101480,48888,1134,10703,29232,19813,20673,19925,264,4544,16542,10832,9486,7220,221052350,91306,55841,1233,1684
2004,Drug Abuse Violations,222125207,119510,25003,261,2159,16468,20584,32679,47359,38,687,5135,4834,6084,8225,221052350,102302,39400,1298,1211
2004,Drunkenness,222125207,9659,2907,57,77,832,1386,2277,5030,8,47,493,600,711,1048,221052350,11198,999,101,245
2004,Drive Under the Influence,222125207,11449,3052,82,16,138,436,2805,7972,16,3,64,130,862,1977,221052350,13489,533,170,239
2004,Embezzlement,222125207,477,299,6,5,18,32,112,304,2,2,7,19,79,190,221052350,522,222,20,10
2004,Offenses Against the Family and Children,222125207,2883,1718,78,267,685,533,598,722,29,117,483,363,396,330,221052350,3372,1144,24,48
2004,Forgery and Counterfeiting,222125207,2412,1270,13,76,293,343,613,1074,17,34,120,162,311,626,221052350,2855,724,54,37
2004,Fraud,222125207,3617,2080,42,118,476,564,899,1518,45,58,269,298,537,873,221052350,3881,1656,85,53
2004,Gambling,222125207,1163,41,11,11,149,207,327,458,1,3,9,6,9,13,221052350,158,1033,13,
2004,Murder and Nonnegligent Homicide,222125207,751,78,1,6,71,114,242,317,1,2,17,14,14,30,221052350,384,423,11,7
2004,Liquor Laws,222125207,62709,34335,104,331,4747,8765,17773,30989,28,404,4424,6506,9694,13279,221052350,88473,4450,1150,2548
2004,Larceny,222125207,143108,102582,1907,14297,38017,27233,29754,31900,584,8220,28659,20724,22775,21620,221052350,169347,67044,4893,3483
2004,Manslaughter by Negligence,222125207,55,28,,,4,6,20,25,,3,6,3,6,10,221052350,72,10,1,
2004,Motor Vehicle Theft,222125207,24034,4953,58,619,4973,5647,6404,6333,4,163,1312,1225,1192,1057,221052350,16368,11653,529,378
2004,All Other Offenses,222125207,204024,78262,2392,11098,41267,38553,50406,60308,760,3979,20158,17053,18547,17765,221052350,206562,67100,4190,3546
2004,Prostitution and Commercialized Vice,222125207,377,933,4,8,31,50,102,182,5,5,103,143,256,421,221052350,588,685,22,13
2004,Robbery,222125207,17173,1827,53,692,3401,3433,4566,5028,7,87,401,360,453,519,221052350,6543,12095,270,71
2004,Rape,222125207,3100,85,26,290,842,539,602,801,1,18,31,17,14,4,221052350,2005,1106,25,43
2004,Runaway,222125207,36204,52122,564,2565,9590,8881,9372,5232,364,2374,16053,13753,13035,6543,221052350,64303,18848,3597,1410
2004,Sex Offenses,222125207,12271,1194,330,1828,4159,2074,1806,2074,40,162,383,253,195,161,221052350,9639,3498,165,94
2004,Stolen Property,222125207,14566,2909,74,703,3111,2867,3554,4257,16,124,684,682,668,735,221052350,9714,7329,224,156
2004,Suspicion,222125207,467,175,3,19,91,104,116,134,2,6,46,46,44,31,221052350,406,189,34,12
2004,Vagrancy,222125207,2414,954,16,79,630,636,707,346,1,33,272,274,290,84,221052350,2583,745,29,10
2004,Vandalism,222125207,66763,11135,1832,8393,18812,11808,13214,12704,215,1403,3406,2038,2097,1976,221052350,61813,13994,879,932
2004,Weapons,222125207,27066,3464,361,2332,6757,4915,5722,6979,30,325,1094,776,661,578,221052350,19570,10206,423,260
2003,Arson,219455987,5306,758,353,1088,1803,887,655,520,30,122,317,134,108,47,218978486,4896,1040,54,59
2003,Aggravated Assault,219455987,35056,10886,529,3426,8479,6248,7571,8803,74,934,3169,2127,2256,2326,218978486,26793,17941,593,459
2003,Simple Assault,219455987,124034,59948,2483,15811,35053,22370,24055,24262,472,5789,19035,12446,11796,10410,218978486,111380,68078,2236,1891
2003,Burglary,219455987,56200,7419,983,4965,13801,10857,12297,13297,138,746,2053,1413,1486,1583,218978486,44881,16988,821,805
2003,Curfew and Loitering Law Violations,219455987,71169,31265,418,3774,15471,15444,19992,16070,115,1557,8248,7491,8089,5765,218978486,69146,30881,1386,813
2003,Disorderly Conduct,219455987,104187,46942,1239,11385,28884,20257,21336,21086,263,4294,16017,10285,8981,7102,218978486,93052,54619,1367,1586
2003,Drug Abuse Violations,219455987,122000,24028,267,2318,16885,20942,32980,48608,71,740,4814,4539,5896,7968,218978486,104640,38421,1400,1283
2003,Drunkenness,219455987,9842,2990,64,79,875,1389,2333,5102,9,37,567,589,698,1090,218978486,11355,1076,105,264
2003,Drive Under the Influence,219455987,12040,3062,101,9,147,485,2845,8453,24,7,71,157,828,1975,218978486,14099,575,142,247
2003,Embezzlement,219455987,539,361,5,5,28,35,155,311,,2,15,11,111,222,218978486,608,269,17,3
2003,Offenses Against the Family and Children,219455987,3136,1985,102,276,699,534,678,847,39,150,532,377,462,425,218978486,3854,1090,80,85
2003,Forgery and Counterfeiting,219455987,2259,1249,18,44,250,295,601,1051,8,14,109,181,300,637,218978486,2690,730,51,32
2003,Fraud,219455987,4036,2036,42,123,570,594,990,1717,42,58,264,307,500,865,218978486,4026,1907,87,37
2003,Gambling,219455987,1202,34,4,18,152,262,298,468,,3,2,4,10,15,218978486,145,1067,21,3
2003,Murder and Nonnegligent Homicide,219455987,850,110,1,11,102,142,231,363,,4,21,17,27,41,218978486,443,484,22,10
2003,Liquor Laws,219455987,66692,35788,119,374,4556,9036,19106,33501,31,319,4407,6582,10034,14415,218978486,93697,4392,1133,2879
2003,Larceny,219455987,151567,97896,2364,16606,39415,27778,31624,33780,769,8659,27018,19253,21473,20724,218978486,171880,68133,4948,3633
2003,Manslaughter by Negligence,219455987,89,14,1,2,7,13,22,44,,,3,1,4,6,218978486,82,16,4,
2003,Motor Vehicle Theft,219455987,26847,5475,54,740,5610,6212,7098,7133,7,181,1450,1402,1337,1098,218978486,18176,12948,700,450
2003,All Other Offenses,219455987,209392,78973,2618,11952,41351,39497,50697,63277,700,4148,19803,17365,18802,18155,218978486,210591,68216,5036,3643
2003,Prostitution and Commercialized Vice,219455987,333,780,5,6,34,44,83,161,2,5,97,133,190,353,218978486,581,512,15,4
2003,Robbery,219455987,17296,1653,81,788,3384,3382,4480,5181,10,77,385,370,377,434,218978486,6586,11951,286,97
2003,Rape,219455987,3126,68,26,272,867,547,603,811,3,16,23,8,9,9,218978486,1995,1115,28,49
2003,Runaway,219455987,37624,53700,602,2722,10010,9011,9743,5536,338,2573,16708,14131,13178,6772,218978486,66923,18408,4188,1526
2003,Sex Offenses,219455987,12460,1289,373,1864,4110,2127,1963,2023,62,184,454,236,189,164,218978486,9579,3830,183,107
2003,Stolen Property,219455987,15917,2741,98,827,3276,3043,3852,4821,17,180,694,534,645,671,218978486,10307,7856,272,170
2003,Suspicion,219455987,327,101,5,22,58,71,78,93,1,6,20,21,27,26,218978486,292,129,,6
2003,Vagrancy,219455987,1201,408,9,56,227,254,290,365,1,25,81,88,81,132,218978486,993,600,8,8
2003,Vandalism,219455987,69568,11165,2251,9048,18948,12027,13489,13805,230,1451,3473,1939,2006,2066,218978486,64079,14509,910,999
2003,Weapons,219455987,26212,3288,376,2384,6474,4754,5598,6626,32,327,1075,653,638,563,218978486,19197,9566,483,204
2002,Arson,220019017,5504,702,552,1287,1680,786,626,573,38,149,262,113,81,59,219595763,4936,1146,58,54
2002,Aggravated Assault,220019017,35762,11207,652,3742,8236,6193,7820,9119,89,919,3235,2218,2449,2297,219595763,27909,17837,599,529
2002,Simple Assault,220019017,121668,57992,2475,15557,33825,21511,24033,24267,490,5917,18066,11766,11646,10107,219595763,111145,63882,2259,1996
2002,Burglary,220019017,57852,7303,1092,5411,14189,10669,12619,13872,137,795,2103,1443,1368,1457,219595763,46347,17085,908,720
2002,Curfew and Loitering Law Violations,220019017,72336,32849,393,3547,15394,15780,20805,16417,133,1673,8458,7968,8838,5779,219595763,71925,30407,1624,1128
2002,Disorderly Conduct,220019017,101895,43968,1296,10965,27651,19479,20815,21689,252,4184,14544,9455,8606,6927,219595763,92142,50576,1177,1756
2002,Drug Abuse Violations,220019017,121059,22820,277,2107,15945,20450,33940,48340,57,668,4384,4323,5940,7448,219595763,102354,38470,1609,1185
2002,Drunkenness,220019017,10890,3012,76,100,903,1587,2636,5588,13,48,579,568,712,1092,219595763,12485,1039,100,259
2002,Drive Under the Influence,220019017,12776,3070,144,17,151,511,3145,8808,28,7,94,153,818,1970,219595763,14693,677,144,281
2002,Embezzlement,220019017,631,437,2,10,50,54,147,368,,10,18,20,128,261,219595763,723,322,21,1
2002,Offenses Against the Family and Children,220019017,4234,2729,220,417,943,754,915,985,143,257,671,600,552,506,219595763,5077,1686,125,57
2002,Forgery and Counterfeiting,220019017,2481,1357,26,34,256,336,704,1125,14,34,110,159,353,687,219595763,2973,762,62,33
2002,Fraud,220019017,4475,2209,58,152,584,602,1112,1967,50,69,299,305,549,937,219595763,4348,2184,86,48
2002,Gambling,220019017,1134,34,,28,140,208,321,437,,5,3,6,7,13,219595763,129,1005,33,
2002,Murder and Nonnegligent Homicide,220019017,906,105,,14,75,131,252,434,,4,14,19,29,39,219595763,459,516,17,18
2002,Liquor Laws,220019017,72566,37000,117,377,4874,9623,20997,36578,40,397,4664,6666,10718,14515,219595763,100421,4824,1081,2876
2002,Larceny,220019017,157478,102022,2814,17549,40159,28241,33399,35316,944,9399,28354,19960,22236,21129,219595763,179881,69822,5468,3641
2002,Manslaughter by Negligence,220019017,84,19,1,4,6,9,25,39,1,,1,3,5,9,219595763,79,19,4,1
2002,Motor Vehicle Theft,220019017,29186,5975,72,897,6038,6754,7817,7608,5,184,1709,1579,1412,1086,219595763,19617,14302,736,450
2002,All Other Offenses,220019017,218116,80873,2689,12531,41444,40123,54378,66951,736,4307,20151,17649,19298,18732,219595763,220878,68590,5083,3571
2002,Prostitution and Commercialized Vice,220019017,384,744,2,18,53,45,107,159,,8,93,129,184,330,219595763,490,619,12,6
2002,Robbery,220019017,17789,1701,85,802,3386,3392,4508,5616,9,74,438,349,395,436,219595763,7289,11726,370,94
2002,Rape,220019017,3436,112,41,334,885,574,691,911,7,15,35,19,19,17,219595763,2165,1303,33,40
2002,Runaway,220019017,37526,55834,706,2815,9912,8910,9899,5284,441,2819,17511,14515,13802,6746,219595763,70452,17002,4533,1251
2002,Sex Offenses,220019017,13222,1317,411,2078,4439,2190,2003,2101,48,177,462,264,206,160,219595763,10338,3898,172,108
2002,Stolen Property,220019017,16584,3130,126,845,3273,3120,4073,5147,24,182,808,593,730,793,219595763,11072,8166,276,153
2002,Suspicion,220019017,872,397,6,44,179,159,229,255,1,14,78,88,92,124,219595763,897,347,17,7
2002,Vagrancy,220019017,1191,357,9,49,240,221,310,362,1,14,101,78,65,98,219595763,1166,355,11,15
2002,Vandalism,220019017,68908,10854,2405,9209,18137,11898,13706,13553,278,1396,3198,1909,2048,2025,219595763,63839,13833,972,931
2002,Weapons,220019017,23781,2982,425,1993,5487,4242,5127,6507,24,303,920,658,582,495,219595763,17526,8615,354,217
2001,Arson,215369937,5777,749,651,1373,1724,826,670,533,53,135,280,112,100,69,214977919,5289,1095,64,66
2001,Aggravated Assault,215369937,38593,11867,859,4127,9039,6860,8277,9431,91,1025,3365,2411,2537,2438,214977919,29856,19339,673,482
2001,Simple Assault,215369937,123110,57466,3089,16915,33692,21762,23893,23759,525,6021,18197,11633,11348,9742,214977919,111733,64366,2091,1976
2001,Burglary,215369937,58127,7832,1295,5892,14400,10963,12399,13178,176,932,2248,1474,1513,1489,214977919,47173,17048,869,771
2001,Curfew and Loitering Law Violations,215369937,71077,32001,443,3590,14888,15687,20482,15987,135,1508,8265,7773,8584,5736,214977919,72841,27568,1567,934
2001,Disorderly Conduct,215369937,92973,38716,1347,10101,24416,17753,19253,20103,223,3802,12507,8617,7480,6087,214977919,79703,49481,1094,1200
2001,Drug Abuse Violations,215369937,134047,23749,246,2470,17868,23406,37942,52115,56,756,4818,4485,6091,7543,214977919,109500,45165,1674,1212
2001,Drunkenness,215369937,11319,3053,113,113,976,1556,2819,5742,16,44,584,583,765,1061,214977919,12879,1104,89,252
2001,Drive Under the Influence,215369937,11422,2508,90,26,161,521,2927,7697,17,3,68,142,750,1528,214977919,12929,606,126,240
2001,Embezzlement,215369937,838,625,4,19,69,80,232,434,1,6,29,33,201,355,214977919,1025,405,25,6
2001,Offenses Against the Family and Children,215369937,4255,2450,182,433,894,804,960,982,93,204,658,522,578,395,214977919,5204,1319,113,49
2001,Forgery and Counterfeiting,215369937,2957,1557,16,62,238,382,841,1418,8,36,126,198,427,762,214977919,3349,1031,96,33
2001,Fraud,215369937,9078,3749,32,379,2046,2169,1707,2745,22,192,961,943,649,982,214977919,6795,5551,381,74
2001,Gambling,215369937,1253,44,3,14,130,220,346,540,,,15,6,8,15,214977919,230,1056,10,1
2001,Murder and Nonnegligent Homicide,215369937,958,111,6,14,88,130,255,465,,,15,18,32,46,214977919,446,542,51,29
2001,Liquor Laws,215369937,69449,32256,127,356,4546,9278,20543,34599,50,346,4068,5945,9479,12368,214977919,91835,6031,825,2661
2001,Larceny,215369937,157723,101363,3064,18028,40514,28735,32820,34562,1025,9922,28084,19989,21855,20488,214977919,175884,73756,5269,3575
2001,Manslaughter by Negligence,215369937,74,12,1,4,5,9,23,32,,,1,2,6,3,214977919,61,20,3,2
2001,Motor Vehicle Theft,215369937,30272,6052,68,907,6210,7063,8219,7805,4,210,1702,1593,1398,1145,214977919,19969,15241,597,450
2001,All Other Offenses,215369937,225251,77763,3474,13550,42120,41208,56358,68541,876,4508,19474,17074,18601,17230,214977919,219907,74700,4415,3282
2001,Prostitution and Commercialized Vice,215369937,388,870,3,11,47,35,89,203,1,6,105,147,237,374,214977919,561,670,13,12
2001,Robbery,215369937,21288,2122,105,1095,4101,4156,5488,6343,5,119,549,466,479,504,214977919,8628,14250,413,106
2001,Rape,215369937,3452,53,40,345,904,564,736,863,1,5,14,14,9,10,214977919,2043,1389,37,25
2001,Runaway,215369937,39267,57248,706,3061,10423,10048,9989,5040,504,3171,18229,15501,13763,6080,214977919,73010,17996,4169,1176
2001,Sex Offenses,215369937,13110,1041,442,2270,4441,2058,1914,1985,58,173,323,190,149,148,214977919,9485,4357,180,93
2001,Stolen Property,215369937,16689,3236,118,888,3254,3197,4140,5092,21,166,775,674,778,822,214977919,11188,8229,300,150
2001,Suspicion,215369937,560,309,17,36,118,127,135,127,3,16,97,72,88,33,214977919,577,286,3,2
2001,Vagrancy,215369937,2001,551,8,71,311,332,556,723,2,28,105,108,150,158,214977919,1744,786,11,11
2001,Vandalism,215369937,68965,10349,2836,9394,17859,11887,13759,13230,259,1371,3141,1778,1905,1895,214977919,62903,14404,913,902
2001,Weapons,215369937,26042,3251,464,2227,5864,4747,5753,6987,38,352,1058,637,629,537,214977919,18577,10041,409,229
2000,Arson,204743363,5411,732,621,1276,1586,766,627,535,53,181,275,100,69,54,204368087,4788,1187,67,65
2000,Aggravated Assault,204743363,38144,11676,773,3786,8868,6649,8199,9869,111,996,3290,2285,2415,2579,204368087,29265,19169,748,514
2000,Simple Assault,204743363,118281,53376,3118,15902,32261,20699,22460,23841,549,5533,16831,10763,10313,9387,204368087,108514,58493,2108,1975
2000,Burglary,204743363,60180,7819,1464,5912,15485,11458,12385,13476,216,894,2315,1562,1464,1368,204368087,48670,17397,981,742
2000,Curfew and Loitering Law Violations,204743363,76007,34693,529,3596,16141,16800,21350,17591,174,1667,9023,8506,9014,6309,204368087,79897,26971,2156,1443
2000,Disorderly Conduct,204743363,88399,34317,1045,8793,21830,16594,18478,21659,225,3204,11101,7589,6541,5657,204368087,78018,42145,987,1041
2000,Drug Abuse Violations,204743363,134454,22348,225,2113,17453,22957,37051,54655,36,594,4308,4189,5650,7571,204368087,106165,47472,1525,1132
2000,Drunkenness,204743363,12688,3105,86,102,1102,1733,2998,6667,15,40,640,571,745,1094,204368087,14140,1160,110,292
2000,Drive Under the Influence,204743363,11673,2431,103,25,166,488,2876,8015,20,9,86,159,636,1521,204368087,12888,667,131,228
2000,Embezzlement,204743363,767,697,,13,48,38,251,417,2,6,19,31,223,416,204368087,877,540,41,3
2000,Offenses Against the Family and Children,204743363,3764,2244,133,342,882,736,780,891,109,190,623,431,466,425,204368087,4607,1192,113,51
2000,Forgery and Counterfeiting,204743363,3218,1540,16,53,321,452,815,1561,7,40,170,217,438,668,204368087,3541,1053,107,26
2000,Fraud,204743363,10724,4088,30,478,2401,2613,2061,3141,18,216,1029,1090,648,1087,204368087,7758,6454,488,79
2000,Gambling,204743363,1268,59,,14,178,211,406,459,2,3,12,7,11,24,204368087,226,1071,25,3
2000,Murder and Nonnegligent Homicide,204743363,911,116,3,20,81,140,232,435,1,4,13,17,26,55,204368087,444,541,28,9
2000,Liquor Laws,204743363,76048,33982,85,452,5365,9972,22102,38072,35,417,4472,6186,9445,13427,204368087,99653,6243,787,2890
2000,Larceny,204743363,167308,98859,3795,20142,43563,30136,33588,36084,1155,9702,27735,19499,20741,20027,204368087,182603,72759,5682,3988
2000,Manslaughter by Negligence,204743363,84,16,1,2,10,13,23,35,,1,3,2,5,5,204368087,70,27,3,
2000,Motor Vehicle Theft,204743363,30668,6034,78,905,6427,7335,7938,7985,6,204,1737,1457,1383,1247,204368087,20023,15341,738,487
2000,All Other Offenses,204743363,223438,74949,2970,13078,41658,40095,55278,70359,805,4326,19301,16281,17218,17018,204368087,217785,71469,4322,3170
2000,Prostitution and Commercialized Vice,204743363,502,652,2,10,43,73,119,255,3,4,82,96,137,330,204368087,606,514,17,16
2000,Robbery,204743363,21975,2229,138,1174,4600,4376,5124,6563,5,95,578,471,508,572,204368087,9204,14346,460,153
2000,Rape,204743363,3358,39,44,318,919,605,663,809,,10,13,4,4,8,204368087,2045,1287,22,31
2000,Runaway,204743363,41275,58696,750,3233,11334,10178,10452,5328,426,3212,19400,15552,13779,6327,204368087,76460,17505,4131,1484
2000,Sex Offenses,204743363,11981,883,404,1873,4002,1986,1798,1918,42,166,266,163,140,106,204368087,8753,3758,170,98
2000,Stolen Property,204743363,17099,3149,108,923,3551,3252,4159,5106,27,235,761,599,710,817,204368087,11686,7976,335,185
2000,Suspicion,204743363,629,184,8,36,103,103,150,229,1,8,38,40,40,57,204368087,592,201,15,3
2000,Vagrancy,204743363,2442,597,12,76,428,439,648,839,4,29,130,133,143,158,204368087,2000,1004,19,13
2000,Vandalism,204743363,72083,10280,2820,9586,19029,12669,14140,13839,298,1330,3093,1860,1908,1791,204368087,66211,13918,1005,953
2000,Weapons,204743363,25489,3039,390,2022,5702,4780,5703,6892,37,321,1009,623,549,500,204368087,18237,9506,457,229
1999,Arson,195331899,5570,742,732,1232,1750,800,540,516,61,163,263,122,74,59,194826198,4972,1180,63,63
1999,Aggravated Assault,195331899,39455,11460,815,3842,9121,6767,8782,10128,104,948,3259,2308,2350,2491,194826198,30416,19126,783,514
1999,Simple Assault,195331899,116617,51372,3140,15031,31703,19931,23076,23736,552,5255,16303,10207,9998,9057,194826198,106796,56841,2169,1936
1999,Burglary,195331899,62469,7902,1398,6070,15959,11758,13214,14070,202,886,2327,1467,1528,1492,194826198,50242,18021,1169,823
1999,Curfew and Loitering Law Violations,195331899,82565,36189,646,3624,17062,17681,23483,20069,190,1633,9399,8539,9599,6829,194826198,86126,29599,1472,1361
1999,Disorderly Conduct,195331899,90041,34486,1129,8228,22318,16519,19904,21943,262,3067,11012,7477,6802,5866,194826198,81033,41027,1002,1339
1999,Drug Abuse Violations,195331899,129454,21032,302,2001,16168,21876,36936,52171,49,550,3848,3820,5538,7227,194826198,99433,48190,1433,1201
1999,Drunkenness,195331899,11932,2912,82,101,1148,1728,2864,6009,15,59,578,615,718,927,194826198,13393,1154,100,166
1999,Drive Under the Influence,195331899,12207,2509,89,52,181,536,3037,8312,17,16,66,163,724,1523,194826198,13349,764,163,272
1999,Embezzlement,195331899,655,598,3,6,35,44,218,349,1,2,25,26,196,348,194826198,765,454,28,4
1999,Offenses Against the Family and Children,195331899,3880,2305,167,318,742,693,929,1031,115,175,585,491,484,455,194826198,4337,1153,143,44
1999,Forgery and Counterfeiting,195331899,3215,1760,17,61,322,423,889,1503,9,34,178,302,504,733,194826198,3806,1030,88,38
1999,Fraud,195331899,12404,4182,112,640,2808,2806,2460,3578,55,221,995,991,737,1183,194826198,8372,7619,512,64
1999,Gambling,195331899,1198,48,3,16,105,198,327,549,,1,5,13,11,18,194826198,267,957,21,1
1999,Murder and Nonnegligent Homicide,195331899,1045,86,3,12,111,140,284,495,1,3,13,13,26,30,194826198,488,599,26,17
1999,Liquor Laws,195331899,78426,34283,138,555,5711,10288,23756,37978,52,405,4515,6225,10013,13073,194826198,101424,6698,991,3124
1999,Larceny,195331899,176218,97380,3984,20917,46606,31650,36088,36973,1236,10015,27577,18430,20364,19758,194826198,188272,74358,6163,4188
1999,Manslaughter by Negligence,195331899,83,8,1,,6,13,22,41,1,,,2,3,2,194826198,64,23,1,3
1999,Motor Vehicle Theft,195331899,31100,6007,104,954,6388,6972,8249,8433,9,215,1740,1477,1418,1148,194826198,20584,15070,915,478
1999,All Other Offenses,195331899,231474,75147,3371,13331,43488,41273,59151,70860,784,4124,19409,16144,17710,16976,194826198,222262,75045,5137,3177
1999,Prostitution and Commercialized Vice,195331899,500,594,13,9,45,50,129,254,5,7,64,85,145,288,194826198,576,485,22,11
1999,Robbery,195331899,23639,2486,146,1304,4915,4725,5873,6676,7,133,683,572,559,532,194826198,10016,15478,446,159
1999,Rape,195331899,3478,66,47,397,886,636,732,780,,13,17,16,9,11,194826198,2167,1284,47,38
1999,Runaway,195331899,42215,61201,761,3323,11778,10454,10555,5344,526,3394,20662,16000,14460,6159,194826198,79884,18435,3753,1202
1999,Sex Offenses,195331899,11170,859,424,1740,3517,1909,1754,1826,49,139,268,150,134,119,194826198,8403,3392,116,90
1999,Stolen Property,195331899,17501,2627,110,805,3616,3250,4306,5414,25,146,637,536,598,685,194826198,11784,7693,387,214
1999,Suspicion,195331899,895,253,11,58,176,145,200,305,2,19,64,49,51,68,194826198,827,307,11,1
1999,Vagrancy,195331899,2216,446,18,55,250,339,697,857,3,15,81,87,118,142,194826198,1739,877,20,26
1999,Vandalism,195331899,73631,10050,3128,9469,19580,12571,14617,14266,336,1383,3084,1655,1812,1780,194826198,67355,13977,1077,1105
1999,Weapons,195331899,28254,3053,476,2053,6345,5046,6578,7756,36,317,935,610,583,572,194826198,20279,10162,529,288
1998,Arson,194637946,5712,699,663,1352,1798,785,609,505,48,151,242,115,82,61,193511075,5037,1175,69,78
1998,Aggravated Assault,194637946,42462,12173,830,3745,9081,7341,9828,11637,116,925,3304,2424,2692,2712,193511075,32277,20787,849,533
1998,Simple Assault,194637946,120971,53633,3238,14595,31141,21087,24681,26229,647,5185,16449,10833,10895,9624,193511075,111495,58386,2297,1844
1998,Burglary,194637946,75128,9451,1778,7006,18911,14430,15875,17128,254,1079,2715,1849,1827,1727,193511075,61323,20599,1348,984
1998,Curfew and Loitering Law Violations,194637946,96720,42468,654,4541,19709,20982,27580,23254,215,1942,10612,10270,11223,8206,193511075,99471,36559,1563,1408
1998,Disorderly Conduct,194637946,100255,38081,1172,8535,23150,18876,23037,25485,233,3174,11609,8383,7768,6914,193511075,90481,44974,1222,1077
1998,Drug Abuse Violations,194637946,139305,21450,283,2074,17142,24036,39868,55902,78,538,3892,4033,5737,7172,193511075,102635,54706,1495,1224
1998,Drunkenness,194637946,14382,3263,73,132,1334,2129,3395,7319,9,54,613,696,772,1119,193511075,15716,1294,107,495
1998,Drive Under the Influence,194637946,12172,2569,95,33,175,519,3114,8236,19,5,83,170,755,1537,193511075,13300,833,160,294
1998,Embezzlement,194637946,659,488,1,7,37,50,217,347,2,1,11,22,152,300,193511075,702,413,19,10
1998,Offenses Against the Family and Children,194637946,4353,2590,198,386,938,818,965,1048,116,200,706,560,545,463,193511075,5434,1283,113,50
1998,Forgery and Counterfeiting,194637946,3398,1804,21,79,331,464,913,1590,10,46,171,257,468,852,193511075,3957,1080,97,46
1998,Fraud,194637946,12469,4346,71,528,2522,2921,2579,3848,28,199,999,953,812,1355,193511075,8764,7401,526,54
1998,Gambling,194637946,1390,41,7,15,166,243,396,563,2,2,6,8,8,15,193511075,249,1166,16,
1998,Murder and Nonnegligent Homicide,194637946,1469,118,5,11,114,236,397,706,1,,16,25,41,35,193511075,718,790,40,38
1998,Liquor Laws,194637946,84104,34915,162,549,5869,11334,25798,40392,53,426,4440,6489,10220,13287,193511075,105876,8098,1098,3020
1998,Larceny,194637946,203724,108235,4677,24432,54577,36897,41447,41694,1422,11362,31137,21073,22029,21212,193511075,215794,82665,6825,4484
1998,Manslaughter by Negligence,194637946,116,21,1,6,11,13,31,54,,,2,2,9,8,193511075,93,35,2,7
1998,Motor Vehicle Theft,194637946,32968,6738,142,1018,6716,7393,8848,8851,17,260,1956,1698,1565,1242,193511075,24012,14170,816,538
1998,All Other Offenses,194637946,256266,81289,3276,13633,46713,46358,65302,80984,785,4363,20359,18042,19352,18388,193511075,239390,85350,5551,2950
1998,Prostitution and Commercialized Vice,194637946,548,633,2,12,58,62,145,269,11,9,55,95,151,312,193511075,618,535,17,11
1998,Robbery,194637946,27122,2864,154,1262,5267,5533,7002,7904,17,151,746,625,658,667,193511075,11856,17420,507,158
1998,Rape,194637946,3917,73,90,391,949,675,782,1030,3,18,23,7,13,9,193511075,2274,1562,34,42
1998,Runaway,194637946,49460,69042,1035,4053,13966,12340,12058,6008,593,4056,23746,18651,15689,6307,193511075,92310,20915,3965,1241
1998,Sex Offenses,194637946,11144,852,438,1696,3501,1831,1792,1886,55,143,254,142,128,130,193511075,8259,3509,125,85
1998,Stolen Property,194637946,21887,3229,145,1055,4352,4179,5402,6754,20,153,776,702,748,830,193511075,14941,9450,405,243
1998,Suspicion,194637946,739,228,10,34,132,146,181,236,7,13,51,31,60,66,193511075,746,189,9,8
1998,Vagrancy,194637946,2457,481,17,60,422,465,639,854,9,27,109,97,108,131,193511075,1876,1008,30,24
1998,Vandalism,194637946,82334,11197,3702,10806,21508,14627,16209,15482,355,1380,3361,1997,2147,1957,193511075,74465,16457,1121,997
1998,Weapons,194637946,30898,3223,501,2279,6671,5556,7207,8684,41,301,966,684,645,586,193511075,21924,11308,494,254
1997,Arson,194904041,6412,816,850,1485,1968,850,706,553,64,164,285,104,131,68,194323064,5654,1412,100,49
1997,Aggravated Assault,194904041,45720,12118,846,3882,9752,7837,10899,12504,99,877,3362,2499,2712,2569,194323064,33454,22776,961,561
1997,Simple Assault,194904041,125203,51133,3154,15058,32685,21942,25770,26594,595,4958,16141,10355,10037,9047,194323064,109730,61751,2435,2105
1997,Burglary,194904041,84366,9748,1978,8040,21256,16490,18195,18407,303,1064,2837,1899,1878,1767,194323064,68158,23030,1599,1183
1997,Curfew and Loitering Law Violations,194904041,109537,46913,788,5349,22872,24445,31851,24232,222,2115,12400,11412,12312,8452,194323064,107866,44043,2307,2095
1997,Disorderly Conduct,194904041,121757,41970,1497,10046,28215,23397,27789,30813,294,3342,12910,9347,8636,7441,194323064,104382,56076,1594,1567
1997,Drug Abuse Violations,194904041,145850,22091,331,2336,19213,25457,41656,56857,45,690,4352,4205,5601,7198,194323064,106455,58476,1557,1198
1997,Drunkenness,194904041,14041,2795,95,120,1268,2039,3189,7330,12,60,559,543,598,1023,194323064,14925,1478,106,289
1997,Drive Under the Influence,194904041,10819,2190,71,15,142,446,2762,7383,13,9,52,129,623,1364,194323064,11791,738,137,237
1997,Embezzlement,194904041,534,432,4,7,23,42,160,298,,5,9,27,115,276,194323064,601,338,18,6
1997,Offenses Against the Family and Children,194904041,4453,2683,159,337,986,816,1055,1100,91,209,773,574,512,524,194323064,5430,1451,163,55
1997,Forgery and Counterfeiting,194904041,3849,2443,25,76,363,486,1110,1789,12,34,242,376,738,1041,194323064,4802,1309,124,53
1997,Fraud,194904041,13214,4391,68,539,2800,2882,2888,4037,48,168,922,891,857,1505,194323064,9592,7424,485,91
1997,Gambling,194904041,2066,75,1,29,226,356,598,856,,1,11,13,17,33,194323064,311,1804,23,3
1997,Murder and Nonnegligent Homicide,194904041,1771,115,4,18,126,267,530,826,,1,26,19,31,38,194323064,762,1073,43,8
1997,Liquor Laws,194904041,81908,34922,144,652,6364,11195,24654,38899,55,485,4873,6513,9928,13068,194323064,104267,7491,1192,3666
1997,Larceny,194904041,240865,125132,5501,29562,65518,44058,48579,47647,1633,14110,36490,23943,25281,23675,194323064,254790,96314,8720,5415
1997,Manslaughter by Negligence,194904041,143,27,4,10,16,24,28,61,,,8,5,6,8,194323064,119,47,1,2
1997,Motor Vehicle Theft,194904041,42098,7983,128,1327,8832,9527,11452,10832,20,303,2277,2061,1867,1455,194323064,28933,19111,1130,834
1997,All Other Offenses,194904041,266149,83251,3701,14342,50532,49669,67003,80902,916,4457,21594,18813,19669,17802,194323064,251804,86066,6929,3647
1997,Prostitution and Commercialized Vice,194904041,517,608,12,11,48,68,121,257,1,6,78,94,149,280,194323064,641,461,11,12
1997,Robbery,194904041,32971,3447,188,1566,6688,6768,8440,9321,17,190,973,753,771,743,194323064,14129,21361,677,216
1997,Rape,194904041,4049,78,74,395,1038,708,840,994,4,7,26,19,16,6,194323064,2261,1796,34,33
1997,Runaway,194904041,60481,83929,1006,5000,17658,14993,14523,7301,502,4968,29478,23152,18709,7120,194323064,111553,25699,4972,1662
1997,Sex Offenses,194904041,12833,1177,548,1895,4083,2132,2091,2084,62,176,385,216,176,162,194323064,9654,4082,136,120
1997,Stolen Property,194904041,24988,3707,166,1232,5056,4870,6350,7314,18,191,928,776,870,924,194323064,17100,10682,499,345
1997,Suspicion,194904041,872,262,9,48,145,153,204,313,4,5,45,51,77,80,194323064,686,439,7,2
1997,Vagrancy,194904041,2457,427,23,85,430,495,660,764,3,14,108,114,83,105,194323064,1850,996,21,17
1997,Vandalism,194904041,88772,11717,4047,12347,23469,15421,17395,16093,414,1457,3558,2077,2145,2066,194323064,79578,18166,1359,1225
1997,Weapons,194904041,35665,3692,510,2430,7608,6551,8543,10023,49,340,1109,778,741,675,194323064,24782,13539,651,354
1996,Arson,195867829,6648,837,874,1470,2102,874,735,593,77,208,287,122,75,68,195243072,5972,1337,82,81
1996,Aggravated Assault,195867829,46550,11809,906,3611,9860,8452,11094,12627,112,833,3218,2469,2623,2554,195243072,33734,23074,863,598
1996,Simple Assault,195867829,127368,48758,3316,14613,33260,23014,25857,27308,542,4519,15629,10021,9720,8327,195243072,109808,61447,2683,1989
1996,Burglary,195867829,90753,10216,2207,8260,23068,18188,19564,19466,312,1136,2988,2055,1973,1752,195243072,74569,23321,1622,1327
1996,Curfew and Loitering Law Violations,195867829,101045,41954,766,4183,21298,23051,29141,22606,176,1766,11272,10391,11194,7155,195243072,103646,34986,2493,1662
1996,Disorderly Conduct,195867829,123594,39267,1576,9182,28720,23954,29057,31105,287,2992,12021,8570,8261,7136,195243072,103058,56816,1412,1437
1996,Drug Abuse Violations,195867829,141842,20856,235,2364,19312,25728,40134,54069,56,628,4504,4000,5375,6293,195243072,101299,58582,1476,1108
1996,Drunkenness,195867829,14215,2993,82,156,1443,2158,3606,6770,15,60,659,636,736,887,195243072,15168,1560,110,366
1996,Drive Under the Influence,195867829,11161,2125,98,28,130,441,2973,7491,20,6,61,126,622,1290,195243072,12024,743,150,260
1996,Embezzlement,195867829,543,431,2,8,36,39,180,278,3,3,17,19,153,236,195243072,611,348,12,2
1996,Offenses Against the Family and Children,195867829,4011,2389,123,290,801,793,932,1072,80,127,669,519,549,445,195243072,4779,1358,151,56
1996,Forgery and Counterfeiting,195867829,4124,2357,16,75,365,597,1133,1938,8,49,275,341,700,984,195243072,5044,1271,89,64
1996,Fraud,195867829,13537,4648,66,552,3109,3701,2483,3626,26,203,1195,1007,845,1372,195243072,9749,7798,553,80
1996,Gambling,195867829,2213,68,5,35,247,408,668,850,,1,11,15,16,25,195243072,334,1934,12,1
1996,Murder and Nonnegligent Homicide,195867829,2042,143,7,14,197,332,620,872,1,2,28,31,39,42,195243072,858,1252,61,14
1996,Liquor Laws,195867829,80732,33949,133,557,6410,11580,23834,38218,60,455,4906,6465,9939,12124,195243072,103877,6372,983,3078
1996,Larceny,195867829,253770,127797,6118,30466,69142,47265,51485,49294,1820,13814,38340,24784,25760,23279,195243072,269525,96409,9076,5745
1996,Manslaughter by Negligence,195867829,104,14,2,5,12,16,15,54,,1,1,5,5,2,195243072,78,34,5,1
1996,Motor Vehicle Theft,195867829,47463,8396,187,1420,10191,11427,12574,11664,12,301,2541,2213,1935,1394,195243072,32228,21307,1452,826
1996,All Other Offenses,195867829,261801,78906,3870,14318,51173,50003,64925,77512,1123,4163,21271,17898,18328,16123,195243072,242725,87469,6388,3527
1996,Prostitution and Commercialized Vice,195867829,530,583,8,13,49,62,128,270,3,3,65,93,137,282,195243072,653,418,17,25
1996,Robbery,195867829,35983,3832,239,1692,7433,7368,9267,9984,19,233,1107,874,814,785,195243072,15686,23080,836,193
1996,Rape,195867829,4169,64,61,343,1022,757,900,1086,,11,20,11,13,9,195243072,2349,1807,34,39
1996,Runaway,195867829,62369,83357,958,4906,18765,16261,15128,6351,478,4835,30155,22853,18399,6637,195243072,113896,24387,5676,1680
1996,Sex Offenses,195867829,12359,1029,551,1728,3842,2143,1968,2127,71,185,318,179,139,137,195243072,9401,3724,132,115
1996,Stolen Property,195867829,27665,4127,174,1312,5720,5666,6930,7863,20,214,1096,899,923,975,195243072,19309,11551,549,322
1996,Suspicion,195867829,1246,363,17,66,254,268,295,346,1,16,82,72,98,94,195243072,1224,368,9,8
1996,Vagrancy,195867829,2570,472,12,77,429,494,648,910,3,17,125,110,115,102,195243072,1924,1074,18,21
1996,Vandalism,195867829,95379,11753,4521,12710,25497,17105,18746,16800,382,1452,3601,2173,2235,1910,195243072,85554,18599,1553,1305
1996,Weapons,195867829,36799,3379,580,2333,7728,7038,8960,10160,38,297,998,766,698,582,195243072,25429,13730,635,359
1995,Arson,206783051,7299,1017,928,1688,2267,1025,768,623,75,193,395,145,118,91,206316831,6519,1603,96,90
1995,Aggravated Assault,206783051,55027,13584,865,4226,11934,10245,13077,14680,110,981,3864,2943,2992,2694,206316831,37633,29348,910,661
1995,Simple Assault,206783051,129015,48994,3188,14450,33903,23987,26096,27391,589,4713,15918,10203,9471,8100,206316831,107342,65893,2577,1922
1995,Burglary,206783051,96970,10462,2259,9264,25622,19385,20536,19904,300,1231,3255,2015,1858,1803,206316831,77789,26633,1564,1287
1995,Curfew and Loitering Law Violations,206783051,82539,34761,430,3379,18225,19238,23365,17902,125,1631,9893,8446,8763,5903,206316831,88752,24873,1904,1531
1995,Disorderly Conduct,206783051,115496,35336,1535,8353,27060,23028,26495,29025,359,2767,11038,7776,7221,6175,206316831,93418,54872,1097,1327
1995,Drug Abuse Violations,206783051,142450,19728,264,2177,19466,26651,40795,53097,47,619,4259,4075,4903,5825,206316831,97634,62053,1355,960
1995,Drunkenness,206783051,13064,2472,93,158,1392,2002,2966,6453,22,61,542,527,573,747,206316831,13575,1549,89,316
1995,Drive Under the Influence,206783051,9279,1697,91,15,122,402,2413,6236,10,6,42,104,447,1088,206316831,9894,667,101,214
1995,Embezzlement,206783051,565,405,6,18,52,34,151,304,4,1,20,18,127,235,206316831,619,322,19,10
1995,Offenses Against the Family and Children,206783051,3346,2004,74,194,662,718,810,888,46,108,555,461,443,391,206316831,3722,1411,125,46
1995,Forgery and Counterfeiting,206783051,4441,2402,13,97,382,622,1248,2079,11,47,287,361,690,1006,206316831,5390,1268,108,68
1995,Fraud,206783051,13746,4954,66,523,2880,3547,2843,3887,21,191,1121,1083,975,1563,206316831,10385,7702,495,107
1995,Gambling,206783051,2104,66,7,38,276,398,608,777,7,1,12,9,20,17,206316831,301,1845,21,3
1995,Murder and Nonnegligent Homicide,206783051,2636,164,5,24,257,478,787,1085,,6,30,28,57,43,206316831,1078,1647,48,24
1995,Liquor Laws,206783051,66549,26879,100,432,4896,9257,19692,32172,52,345,3956,5221,7564,9741,206316831,84263,5408,782,2713
1995,Larceny,206783051,274264,130465,6889,35406,78190,50903,52611,50265,1863,14729,40588,25133,25176,22976,206316831,280774,109268,8912,5174
1995,Manslaughter by Negligence,206783051,108,18,1,6,16,9,30,46,,1,,5,6,6,206316831,77,42,3,4
1995,Motor Vehicle Theft,206783051,58073,9881,179,1858,13396,14455,14781,13404,17,426,3312,2578,2113,1435,206316831,38127,27315,1424,1017
1995,All Other Offenses,206783051,271353,74926,3720,14295,52379,51129,65605,84225,962,4192,20360,16519,16547,16346,206316831,234216,102012,6158,3430
1995,Prostitution and Commercialized Vice,206783051,611,558,4,25,73,88,141,280,7,7,60,81,123,280,206316831,720,415,22,11
1995,Robbery,206783051,42876,4384,264,2125,9312,9018,10792,11365,20,275,1312,1069,919,789,206316831,17457,28808,742,241
1995,Rape,206783051,4469,104,64,402,1176,819,940,1068,4,12,37,20,15,16,206316831,2390,2102,38,28
1995,Runaway,206783051,83035,111703,1433,7224,25914,21064,18738,8662,615,7091,42694,30571,22300,8432,206316831,150010,36837,6120,1733
1995,Sex Offenses,206783051,12068,930,446,1705,3990,2143,1873,1911,66,156,323,164,111,110,206316831,8949,3763,154,104
1995,Stolen Property,206783051,30228,4141,199,1454,6370,6067,7676,8462,29,234,1092,927,948,911,206316831,20495,12849,636,329
1995,Suspicion,206783051,1238,334,24,58,244,247,302,363,5,13,88,75,82,71,206316831,1237,319,7,9
1995,Vagrancy,206783051,2545,341,10,96,402,443,731,863,1,9,79,72,91,89,206316831,1878,970,22,15
1995,Vandalism,206783051,100626,12113,4796,13912,27992,17947,18938,17041,427,1598,3955,2253,2055,1825,206316831,88790,20703,1746,1349
1995,Weapons,206783051,42703,3862,540,2654,9151,8261,10145,11952,32,351,1217,833,738,691,206316831,28587,16824,718,389
1994,Arson,208091172,8050,1133,1030,1808,2618,1060,846,688,108,214,452,158,107,94,207684879,7319,1649,93,98
1994,Aggravated Assault,208091172,57184,13047,930,4346,13006,10487,13287,15128,115,939,3933,2764,2756,2540,207684879,38675,29896,906,643
1994,Simple Assault,208091172,126847,45368,3203,14498,34613,22776,25444,26313,535,4527,15380,9350,8270,7306,207684879,105571,61432,2509,1884
1994,Burglary,208091172,105253,11066,2789,10603,29017,20245,21598,21001,358,1290,3698,2124,1913,1683,207684879,85338,27854,1584,1362
1994,Curfew and Loitering Law Violations,208091172,76456,31027,423,3251,17715,17324,21084,16659,118,1395,9267,7662,7357,5228,207684879,81771,22226,2085,1271
1994,Disorderly Conduct,208091172,105572,32338,1485,8260,25961,20316,23861,25689,259,2550,10629,6850,6413,5637,207684879,89058,46477,1047,1225
1994,Drug Abuse Violations,208091172,116090,15479,223,1807,15957,21074,32980,44049,43,482,3371,3084,3871,4628,207684879,79056,50698,1012,668
1994,Drunkenness,208091172,12367,2436,102,136,1211,1808,3033,6077,18,61,537,494,580,746,207684879,12862,1610,58,267
1994,Drive Under the Influence,208091172,9559,1582,102,17,141,446,2419,6434,16,7,55,104,456,944,207684879,10029,725,100,189
1994,Embezzlement,208091172,519,285,4,16,44,43,127,285,4,6,18,17,85,155,207684879,550,243,8,3
1994,Offenses Against the Family and Children,208091172,2734,1514,54,180,629,513,654,704,44,114,457,304,329,266,207684879,2943,1128,115,43
1994,Forgery and Counterfeiting,208091172,4491,2566,23,131,429,606,1353,1949,10,59,288,380,711,1118,207684879,5611,1268,101,69
1994,Fraud,208091172,13722,4876,68,447,2556,2961,3171,4519,59,211,1072,1121,949,1464,207684879,9860,8176,463,99
1994,Gambling,208091172,1421,73,2,21,206,284,400,508,,3,10,15,24,21,207684879,350,1112,29,3
1994,Murder and Nonnegligent Homicide,208091172,2928,186,2,26,315,514,865,1206,1,5,30,25,53,72,207684879,1200,1848,48,16
1994,Liquor Laws,208091172,67747,27468,111,477,5199,9202,19921,32837,42,379,4067,4988,7923,10069,207684879,86625,5157,777,2441
1994,Larceny,208091172,281846,132189,7398,37232,83586,50848,52623,50159,1798,14835,41839,25876,25116,22725,207684879,287939,111523,8775,5170
1994,Manslaughter by Negligence,208091172,166,20,2,7,23,20,45,69,,1,3,4,4,8,207684879,137,46,,3
1994,Motor Vehicle Theft,208091172,63124,10288,187,2181,15539,15356,16013,13848,19,413,3574,2671,2104,1507,207684879,41179,29952,1342,880
1994,All Other Offenses,208091172,269169,76075,4169,15905,53017,46219,65320,84539,1245,4573,20961,15485,16958,16853,207684879,232561,101728,6876,3286
1994,Prostitution and Commercialized Vice,208091172,520,496,7,13,34,53,157,256,3,5,58,76,134,220,207684879,665,321,19,11
1994,Robbery,208091172,42830,4317,234,2232,9493,8996,10845,11030,10,246,1340,1017,928,776,207684879,17163,28937,728,219
1994,Rape,208091172,4786,94,99,432,1286,885,990,1094,4,14,42,8,8,18,207684879,2693,2075,45,60
1994,Runaway,208091172,87224,114949,1481,7896,27792,21439,19121,9495,642,7412,45126,30396,22262,9111,207684879,155844,38335,5681,1704
1994,Sex Offenses,208091172,13357,1105,590,1904,4425,2256,2088,2094,71,185,360,191,147,151,207684879,10191,3914,163,134
1994,Stolen Property,208091172,32205,4105,211,1677,7495,6492,7796,8534,29,221,1150,905,937,863,207684879,21242,14077,587,364
1994,Suspicion,208091172,1389,330,30,104,285,320,324,326,9,24,99,76,64,58,207684879,1171,521,5,22
1994,Vagrancy,208091172,2979,683,15,127,549,632,787,869,,26,206,143,159,149,207684879,2599,1010,40,13
1994,Vandalism,208091172,110175,12616,5621,16102,32484,19222,19479,17267,479,1790,4161,2272,2050,1864,207684879,98391,20722,2073,1257
1994,Weapons,208091172,48128,4235,562,3043,11205,9112,11471,12735,50,387,1451,878,782,687,207684879,32308,18786,846,380
